This is pdfTeX, Version 3.141592653-2.6-1.40.27 (MiKTeX 25.4) (preloaded format=pdflatex 2025.8.19)  22 SEP 2026 14:05
entering extended mode
 restricted \write18 enabled.
 file:line:error style messages enabled.
 %&-line parsing enabled.
**c:/Users/Admin/Documents/GitHub/Statistiek/LaTeX/PMTPS/main/main.tex
(c:/Users/Admin/Documents/GitHub/Statistiek/LaTeX/PMTPS/main/main.tex
LaTeX2e <2025-06-01> patch level 1
L3 programming layer <2025-07-20>
(C:\Users\Admin\AppData\Local\Programs\MiKTeX\tex/latex/beamer\beamer.cls
Document Class: beamer 2025/08/04 v3.75 A class for typesetting presentations
(C:\Users\Admin\AppData\Local\Programs\MiKTeX\tex/latex/beamer\beamerbasemodes.sty (C:\Users\Admin\AppData\Local\Programs\MiKTeX\tex/latex/etoolbox\etoolbox.sty
Package: etoolbox 2025/02/11 v2.5l e-TeX tools for LaTeX (JAW)
\etb@tempcnta=\count275
)
\beamer@tempbox=\box53
\beamer@tempcount=\count276
\c@beamerpauses=\count277
 (C:\Users\Admin\AppData\Local\Programs\MiKTeX\tex/latex/beamer\beamerbasedecode.sty
\beamer@slideinframe=\count278
\beamer@minimum=\count279
\beamer@decode@box=\box54
)
\beamer@commentbox=\box55
\beamer@modecount=\count280
) (C:\Users\Admin\AppData\Local\Programs\MiKTeX\tex/generic/iftex\iftex.sty
Package: iftex 2024/12/12 v1.0g TeX engine tests
)
\headdp=\dimen148
\footheight=\dimen149
\sidebarheight=\dimen150
\beamer@tempdim=\dimen151
\beamer@finalheight=\dimen152
\beamer@animht=\dimen153
\beamer@animdp=\dimen154
\beamer@animwd=\dimen155
\beamer@leftmargin=\dimen156
\beamer@rightmargin=\dimen157
\beamer@leftsidebar=\dimen158
\beamer@rightsidebar=\dimen159
\beamer@boxsize=\dimen160
\beamer@vboxoffset=\dimen161
\beamer@descdefault=\dimen162
\beamer@descriptionwidth=\dimen163
\beamer@lastskip=\skip49
\beamer@areabox=\box56
\beamer@animcurrent=\box57
\beamer@animshowbox=\box58
\beamer@sectionbox=\box59
\beamer@logobox=\box60
\beamer@linebox=\box61
\beamer@sectioncount=\count281
\beamer@subsubsectionmax=\count282
\beamer@subsectionmax=\count283
\beamer@sectionmax=\count284
\beamer@totalheads=\count285
\beamer@headcounter=\count286
\beamer@partstartpage=\count287
\beamer@sectionstartpage=\count288
\beamer@subsectionstartpage=\count289
\beamer@animationtempa=\count290
\beamer@animationtempb=\count291
\beamer@xpos=\count292
\beamer@ypos=\count293
\beamer@ypos@offset=\count294
\beamer@showpartnumber=\count295
\beamer@currentsubsection=\count296
\beamer@coveringdepth=\count297
\beamer@sectionadjust=\count298
\beamer@toclastsection=\count299
\beamer@tocsectionnumber=\count300
 (C:\Users\Admin\AppData\Local\Programs\MiKTeX\tex/latex/beamer\beamerbaseoptions.sty (C:\Users\Admin\AppData\Local\Programs\MiKTeX\tex/latex/graphics\keyval.sty
Package: keyval 2022/05/29 v1.15 key=value parser (DPC)
\KV@toks@=\toks17
))
\beamer@paperwidth=\skip50
\beamer@paperheight=\skip51
 (C:\Users\Admin\AppData\Local\Programs\MiKTeX\tex/latex/geometry\geometry.sty
Package: geometry 2020/01/02 v5.9 Page Geometry
 (C:\Users\Admin\AppData\Local\Programs\MiKTeX\tex/generic/iftex\ifvtex.sty
Package: ifvtex 2019/10/25 v1.7 ifvtex legacy package. Use iftex instead.
)
\Gm@cnth=\count301
\Gm@cntv=\count302
\c@Gm@tempcnt=\count303
\Gm@bindingoffset=\dimen164
\Gm@wd@mp=\dimen165
\Gm@odd@mp=\dimen166
\Gm@even@mp=\dimen167
\Gm@layoutwidth=\dimen168
\Gm@layoutheight=\dimen169
\Gm@layouthoffset=\dimen170
\Gm@layoutvoffset=\dimen171
\Gm@dimlist=\toks18
 (C:\Users\Admin\AppData\Local\Programs\MiKTeX\tex/latex/geometry\geometry.cfg)) (C:\Users\Admin\AppData\Local\Programs\MiKTeX\tex/latex/pgf/math\pgfmath.sty (C:\Users\Admin\AppData\Local\Programs\MiKTeX\tex/latex/pgf/utilities\pgfrcs.sty (C:\Users\Admin\AppData\Local\Programs\MiKTeX\tex/generic/pgf/utilities\pgfutil-common.tex
\pgfutil@everybye=\toks19
\pgfutil@tempdima=\dimen172
\pgfutil@tempdimb=\dimen173
) (C:\Users\Admin\AppData\Local\Programs\MiKTeX\tex/generic/pgf/utilities\pgfutil-latex.def
\pgfutil@abb=\box62
) (C:\Users\Admin\AppData\Local\Programs\MiKTeX\tex/generic/pgf/utilities\pgfrcs.code.tex (C:\Users\Admin\AppData\Local\Programs\MiKTeX\tex/generic/pgf\pgf.revision.tex)
Package: pgfrcs 2023-01-15 v3.1.10 (3.1.10)
)) (C:\Users\Admin\AppData\Local\Programs\MiKTeX\tex/latex/pgf/utilities\pgfkeys.sty (C:\Users\Admin\AppData\Local\Programs\MiKTeX\tex/generic/pgf/utilities\pgfkeys.code.tex
\pgfkeys@pathtoks=\toks20
\pgfkeys@temptoks=\toks21
 (C:\Users\Admin\AppData\Local\Programs\MiKTeX\tex/generic/pgf/utilities\pgfkeyslibraryfiltered.code.tex
\pgfkeys@tmptoks=\toks22
))) (C:\Users\Admin\AppData\Local\Programs\MiKTeX\tex/generic/pgf/math\pgfmath.code.tex (C:\Users\Admin\AppData\Local\Programs\MiKTeX\tex/generic/pgf/math\pgfmathutil.code.tex
\pgf@x=\dimen174
\pgf@xa=\dimen175
\pgf@xb=\dimen176
\pgf@xc=\dimen177
\pgf@y=\dimen178
\pgf@ya=\dimen179
\pgf@yb=\dimen180
\pgf@yc=\dimen181
\c@pgf@counta=\count304
\c@pgf@countb=\count305
\c@pgf@countc=\count306
\c@pgf@countd=\count307
) (C:\Users\Admin\AppData\Local\Programs\MiKTeX\tex/generic/pgf/math\pgfmathparser.code.tex
\pgfmath@dimen=\dimen182
\pgfmath@count=\count308
\pgfmath@box=\box63
\pgfmath@toks=\toks23
\pgfmath@stack@operand=\toks24
\pgfmath@stack@operation=\toks25
) (C:\Users\Admin\AppData\Local\Programs\MiKTeX\tex/generic/pgf/math\pgfmathfunctions.code.tex) (C:\Users\Admin\AppData\Local\Programs\MiKTeX\tex/generic/pgf/math\pgfmathfunctions.basic.code.tex) (C:\Users\Admin\AppData\Local\Programs\MiKTeX\tex/generic/pgf/math\pgfmathfunctions.trigonometric.code.tex) (C:\Users\Admin\AppData\Local\Programs\MiKTeX\tex/generic/pgf/math\pgfmathfunctions.random.code.tex) (C:\Users\Admin\AppData\Local\Programs\MiKTeX\tex/generic/pgf/math\pgfmathfunctions.comparison.code.tex) (C:\Users\Admin\AppData\Local\Programs\MiKTeX\tex/generic/pgf/math\pgfmathfunctions.base.code.tex) (C:\Users\Admin\AppData\Local\Programs\MiKTeX\tex/generic/pgf/math\pgfmathfunctions.round.code.tex) (C:\Users\Admin\AppData\Local\Programs\MiKTeX\tex/generic/pgf/math\pgfmathfunctions.misc.code.tex) (C:\Users\Admin\AppData\Local\Programs\MiKTeX\tex/generic/pgf/math\pgfmathfunctions.integerarithmetics.code.tex) (C:\Users\Admin\AppData\Local\Programs\MiKTeX\tex/generic/pgf/math\pgfmathcalc.code.tex) (C:\Users\Admin\AppData\Local\Programs\MiKTeX\tex/generic/pgf/math\pgfmathfloat.code.tex
\c@pgfmathroundto@lastzeros=\count309
))) (C:\Users\Admin\AppData\Local\Programs\MiKTeX\tex/latex/base\size11.clo
File: size11.clo 2025/01/22 v1.4n Standard LaTeX file (size option)
) (C:\Users\Admin\AppData\Local\Programs\MiKTeX\tex/latex/pgf/basiclayer\pgfcore.sty (C:\Users\Admin\AppData\Local\Programs\MiKTeX\tex/latex/graphics\graphicx.sty
Package: graphicx 2024/12/31 v1.2e Enhanced LaTeX Graphics (DPC,SPQR)
 (C:\Users\Admin\AppData\Local\Programs\MiKTeX\tex/latex/graphics\graphics.sty
Package: graphics 2024/08/06 v1.4g Standard LaTeX Graphics (DPC,SPQR)
 (C:\Users\Admin\AppData\Local\Programs\MiKTeX\tex/latex/graphics\trig.sty
Package: trig 2023/12/02 v1.11 sin cos tan (DPC)
) (C:\Users\Admin\AppData\Local\Programs\MiKTeX\tex/latex/graphics-cfg\graphics.cfg
File: graphics.cfg 2016/06/04 v1.11 sample graphics configuration
)
Package graphics Info: Driver file: pdftex.def on input line 106.
 (C:\Users\Admin\AppData\Local\Programs\MiKTeX\tex/latex/graphics-def\pdftex.def
File: pdftex.def 2024/04/13 v1.2c Graphics/color driver for pdftex
))
\Gin@req@height=\dimen183
\Gin@req@width=\dimen184
) (C:\Users\Admin\AppData\Local\Programs\MiKTeX\tex/latex/pgf/systemlayer\pgfsys.sty (C:\Users\Admin\AppData\Local\Programs\MiKTeX\tex/generic/pgf/systemlayer\pgfsys.code.tex
Package: pgfsys 2023-01-15 v3.1.10 (3.1.10)
\pgf@x=\dimen185
\pgf@y=\dimen186
\pgf@xa=\dimen187
\pgf@ya=\dimen188
\pgf@xb=\dimen189
\pgf@yb=\dimen190
\pgf@xc=\dimen191
\pgf@yc=\dimen192
\pgf@xd=\dimen193
\pgf@yd=\dimen194
\w@pgf@writea=\write3
\r@pgf@reada=\read2
\c@pgf@counta=\count310
\c@pgf@countb=\count311
\c@pgf@countc=\count312
\c@pgf@countd=\count313
\t@pgf@toka=\toks26
\t@pgf@tokb=\toks27
\t@pgf@tokc=\toks28
\pgf@sys@id@count=\count314
 (C:\Users\Admin\AppData\Local\Programs\MiKTeX\tex/generic/pgf/systemlayer\pgf.cfg
File: pgf.cfg 2023-01-15 v3.1.10 (3.1.10)
)
Driver file for pgf: pgfsys-pdftex.def
 (C:\Users\Admin\AppData\Local\Programs\MiKTeX\tex/generic/pgf/systemlayer\pgfsys-pdftex.def
File: pgfsys-pdftex.def 2023-01-15 v3.1.10 (3.1.10)
 (C:\Users\Admin\AppData\Local\Programs\MiKTeX\tex/generic/pgf/systemlayer\pgfsys-common-pdf.def
File: pgfsys-common-pdf.def 2023-01-15 v3.1.10 (3.1.10)
))) (C:\Users\Admin\AppData\Local\Programs\MiKTeX\tex/generic/pgf/systemlayer\pgfsyssoftpath.code.tex
File: pgfsyssoftpath.code.tex 2023-01-15 v3.1.10 (3.1.10)
\pgfsyssoftpath@smallbuffer@items=\count315
\pgfsyssoftpath@bigbuffer@items=\count316
) (C:\Users\Admin\AppData\Local\Programs\MiKTeX\tex/generic/pgf/systemlayer\pgfsysprotocol.code.tex
File: pgfsysprotocol.code.tex 2023-01-15 v3.1.10 (3.1.10)
)) (C:\Users\Admin\AppData\Local\Programs\MiKTeX\tex/latex/xcolor\xcolor.sty
Package: xcolor 2024/09/29 v3.02 LaTeX color extensions (UK)
 (C:\Users\Admin\AppData\Local\Programs\MiKTeX\tex/latex/graphics-cfg\color.cfg
File: color.cfg 2016/01/02 v1.6 sample color configuration
)
Package xcolor Info: Driver file: pdftex.def on input line 274.
 (C:\Users\Admin\AppData\Local\Programs\MiKTeX\tex/latex/graphics\mathcolor.ltx)
Package xcolor Info: Model `cmy' substituted by `cmy0' on input line 1349.
Package xcolor Info: Model `hsb' substituted by `rgb' on input line 1353.
Package xcolor Info: Model `RGB' extended on input line 1365.
Package xcolor Info: Model `HTML' substituted by `rgb' on input line 1367.
Package xcolor Info: Model `Hsb' substituted by `hsb' on input line 1368.
Package xcolor Info: Model `tHsb' substituted by `hsb' on input line 1369.
Package xcolor Info: Model `HSB' substituted by `hsb' on input line 1370.
Package xcolor Info: Model `Gray' substituted by `gray' on input line 1371.
Package xcolor Info: Model `wave' substituted by `hsb' on input line 1372.
) (C:\Users\Admin\AppData\Local\Programs\MiKTeX\tex/generic/pgf/basiclayer\pgfcore.code.tex
Package: pgfcore 2023-01-15 v3.1.10 (3.1.10)
 (C:\Users\Admin\AppData\Local\Programs\MiKTeX\tex/generic/pgf/math\pgfint.code.tex) (C:\Users\Admin\AppData\Local\Programs\MiKTeX\tex/generic/pgf/basiclayer\pgfcorepoints.code.tex
File: pgfcorepoints.code.tex 2023-01-15 v3.1.10 (3.1.10)
\pgf@picminx=\dimen195
\pgf@picmaxx=\dimen196
\pgf@picminy=\dimen197
\pgf@picmaxy=\dimen198
\pgf@pathminx=\dimen199
\pgf@pathmaxx=\dimen256
\pgf@pathminy=\dimen257
\pgf@pathmaxy=\dimen258
\pgf@xx=\dimen259
\pgf@xy=\dimen260
\pgf@yx=\dimen261
\pgf@yy=\dimen262
\pgf@zx=\dimen263
\pgf@zy=\dimen264
) (C:\Users\Admin\AppData\Local\Programs\MiKTeX\tex/generic/pgf/basiclayer\pgfcorepathconstruct.code.tex
File: pgfcorepathconstruct.code.tex 2023-01-15 v3.1.10 (3.1.10)
\pgf@path@lastx=\dimen265
\pgf@path@lasty=\dimen266
) (C:\Users\Admin\AppData\Local\Programs\MiKTeX\tex/generic/pgf/basiclayer\pgfcorepathusage.code.tex
File: pgfcorepathusage.code.tex 2023-01-15 v3.1.10 (3.1.10)
\pgf@shorten@end@additional=\dimen267
\pgf@shorten@start@additional=\dimen268
) (C:\Users\Admin\AppData\Local\Programs\MiKTeX\tex/generic/pgf/basiclayer\pgfcorescopes.code.tex
File: pgfcorescopes.code.tex 2023-01-15 v3.1.10 (3.1.10)
\pgfpic=\box64
\pgf@hbox=\box65
\pgf@layerbox@main=\box66
\pgf@picture@serial@count=\count317
) (C:\Users\Admin\AppData\Local\Programs\MiKTeX\tex/generic/pgf/basiclayer\pgfcoregraphicstate.code.tex
File: pgfcoregraphicstate.code.tex 2023-01-15 v3.1.10 (3.1.10)
\pgflinewidth=\dimen269
) (C:\Users\Admin\AppData\Local\Programs\MiKTeX\tex/generic/pgf/basiclayer\pgfcoretransformations.code.tex
File: pgfcoretransformations.code.tex 2023-01-15 v3.1.10 (3.1.10)
\pgf@pt@x=\dimen270
\pgf@pt@y=\dimen271
\pgf@pt@temp=\dimen272
) (C:\Users\Admin\AppData\Local\Programs\MiKTeX\tex/generic/pgf/basiclayer\pgfcorequick.code.tex
File: pgfcorequick.code.tex 2023-01-15 v3.1.10 (3.1.10)
) (C:\Users\Admin\AppData\Local\Programs\MiKTeX\tex/generic/pgf/basiclayer\pgfcoreobjects.code.tex
File: pgfcoreobjects.code.tex 2023-01-15 v3.1.10 (3.1.10)
) (C:\Users\Admin\AppData\Local\Programs\MiKTeX\tex/generic/pgf/basiclayer\pgfcorepathprocessing.code.tex
File: pgfcorepathprocessing.code.tex 2023-01-15 v3.1.10 (3.1.10)
) (C:\Users\Admin\AppData\Local\Programs\MiKTeX\tex/generic/pgf/basiclayer\pgfcorearrows.code.tex
File: pgfcorearrows.code.tex 2023-01-15 v3.1.10 (3.1.10)
\pgfarrowsep=\dimen273
) (C:\Users\Admin\AppData\Local\Programs\MiKTeX\tex/generic/pgf/basiclayer\pgfcoreshade.code.tex
File: pgfcoreshade.code.tex 2023-01-15 v3.1.10 (3.1.10)
\pgf@max=\dimen274
\pgf@sys@shading@range@num=\count318
\pgf@shadingcount=\count319
) (C:\Users\Admin\AppData\Local\Programs\MiKTeX\tex/generic/pgf/basiclayer\pgfcoreimage.code.tex
File: pgfcoreimage.code.tex 2023-01-15 v3.1.10 (3.1.10)
) (C:\Users\Admin\AppData\Local\Programs\MiKTeX\tex/generic/pgf/basiclayer\pgfcoreexternal.code.tex
File: pgfcoreexternal.code.tex 2023-01-15 v3.1.10 (3.1.10)
\pgfexternal@startupbox=\box67
) (C:\Users\Admin\AppData\Local\Programs\MiKTeX\tex/generic/pgf/basiclayer\pgfcorelayers.code.tex
File: pgfcorelayers.code.tex 2023-01-15 v3.1.10 (3.1.10)
) (C:\Users\Admin\AppData\Local\Programs\MiKTeX\tex/generic/pgf/basiclayer\pgfcoretransparency.code.tex
File: pgfcoretransparency.code.tex 2023-01-15 v3.1.10 (3.1.10)
) (C:\Users\Admin\AppData\Local\Programs\MiKTeX\tex/generic/pgf/basiclayer\pgfcorepatterns.code.tex
File: pgfcorepatterns.code.tex 2023-01-15 v3.1.10 (3.1.10)
) (C:\Users\Admin\AppData\Local\Programs\MiKTeX\tex/generic/pgf/basiclayer\pgfcorerdf.code.tex
File: pgfcorerdf.code.tex 2023-01-15 v3.1.10 (3.1.10)
))) (C:\Users\Admin\AppData\Local\Programs\MiKTeX\tex/latex/pgf/utilities\xxcolor.sty
Package: xxcolor 2003/10/24 ver 0.1
\XC@nummixins=\count320
\XC@countmixins=\count321
) (C:\Users\Admin\AppData\Local\Programs\MiKTeX\tex/latex/base\atbegshi-ltx.sty
Package: atbegshi-ltx 2021/01/10 v1.0c Emulation of the original atbegshi
package with kernel methods
) (C:\Users\Admin\AppData\Local\Programs\MiKTeX\tex/latex/hyperref\hyperref.sty
Package: hyperref 2025-07-12 v7.01o Hypertext links for LaTeX
 (C:\Users\Admin\AppData\Local\Programs\MiKTeX\tex/latex/kvsetkeys\kvsetkeys.sty
Package: kvsetkeys 2022-10-05 v1.19 Key value parser (HO)
) (C:\Users\Admin\AppData\Local\Programs\MiKTeX\tex/generic/kvdefinekeys\kvdefinekeys.sty
Package: kvdefinekeys 2019-12-19 v1.6 Define keys (HO)
) (C:\Users\Admin\AppData\Local\Programs\MiKTeX\tex/generic/pdfescape\pdfescape.sty
Package: pdfescape 2019/12/09 v1.15 Implements pdfTeX's escape features (HO)
 (C:\Users\Admin\AppData\Local\Programs\MiKTeX\tex/generic/ltxcmds\ltxcmds.sty
Package: ltxcmds 2023-12-04 v1.26 LaTeX kernel commands for general use (HO)
) (C:\Users\Admin\AppData\Local\Programs\MiKTeX\tex/generic/pdftexcmds\pdftexcmds.sty
Package: pdftexcmds 2020-06-27 v0.33 Utility functions of pdfTeX for LuaTeX (HO)
 (C:\Users\Admin\AppData\Local\Programs\MiKTeX\tex/generic/infwarerr\infwarerr.sty
Package: infwarerr 2019/12/03 v1.5 Providing info/warning/error messages (HO)
)
Package pdftexcmds Info: \pdf@primitive is available.
Package pdftexcmds Info: \pdf@ifprimitive is available.
Package pdftexcmds Info: \pdfdraftmode found.
)) (C:\Users\Admin\AppData\Local\Programs\MiKTeX\tex/latex/hycolor\hycolor.sty
Package: hycolor 2020-01-27 v1.10 Color options for hyperref/bookmark (HO)
) (C:\Users\Admin\AppData\Local\Programs\MiKTeX\tex/latex/hyperref\nameref.sty
Package: nameref 2025-06-21 v2.57 Cross-referencing by name of section
 (C:\Users\Admin\AppData\Local\Programs\MiKTeX\tex/latex/refcount\refcount.sty
Package: refcount 2019/12/15 v3.6 Data extraction from label references (HO)
) (C:\Users\Admin\AppData\Local\Programs\MiKTeX\tex/generic/gettitlestring\gettitlestring.sty
Package: gettitlestring 2019/12/15 v1.6 Cleanup title references (HO)
 (C:\Users\Admin\AppData\Local\Programs\MiKTeX\tex/latex/kvoptions\kvoptions.sty
Package: kvoptions 2022-06-15 v3.15 Key value format for package options (HO)
))
\c@section@level=\count322
) (C:\Users\Admin\AppData\Local\Programs\MiKTeX\tex/generic/stringenc\stringenc.sty
Package: stringenc 2019/11/29 v1.12 Convert strings between diff. encodings (HO)
)
\@linkdim=\dimen275
\Hy@linkcounter=\count323
\Hy@pagecounter=\count324
 (C:\Users\Admin\AppData\Local\Programs\MiKTeX\tex/latex/hyperref\pd1enc.def
File: pd1enc.def 2025-07-12 v7.01o Hyperref: PDFDocEncoding definition (HO)
Now handling font encoding PD1 ...
... no UTF-8 mapping file for font encoding PD1
) (C:\Users\Admin\AppData\Local\Programs\MiKTeX\tex/generic/intcalc\intcalc.sty
Package: intcalc 2019/12/15 v1.3 Expandable calculations with integers (HO)
)
\Hy@SavedSpaceFactor=\count325
 (C:\Users\Admin\AppData\Local\Programs\MiKTeX\tex/latex/hyperref\puenc.def
File: puenc.def 2025-07-12 v7.01o Hyperref: PDF Unicode definition (HO)
Now handling font encoding PU ...
... no UTF-8 mapping file for font encoding PU
)
Package hyperref Info: Option `bookmarks' set `true' on input line 4066.
Package hyperref Info: Option `bookmarksopen' set `true' on input line 4066.
Package hyperref Info: Option `implicit' set `false' on input line 4066.
Package hyperref Info: Hyper figures OFF on input line 4195.
Package hyperref Info: Link nesting OFF on input line 4200.
Package hyperref Info: Hyper index ON on input line 4203.
Package hyperref Info: Plain pages OFF on input line 4210.
Package hyperref Info: Backreferencing OFF on input line 4215.
Package hyperref Info: Implicit mode OFF; no redefinition of LaTeX internals.
Package hyperref Info: Bookmarks ON on input line 4462.
\c@Hy@tempcnt=\count326
 (C:\Users\Admin\AppData\Local\Programs\MiKTeX\tex/latex/url\url.sty
\Urlmuskip=\muskip17
Package: url 2013/09/16  ver 3.4  Verb mode for urls, etc.
)
LaTeX Info: Redefining \url on input line 4801.
\XeTeXLinkMargin=\dimen276
 (C:\Users\Admin\AppData\Local\Programs\MiKTeX\tex/generic/bitset\bitset.sty
Package: bitset 2019/12/09 v1.3 Handle bit-vector datatype (HO)
 (C:\Users\Admin\AppData\Local\Programs\MiKTeX\tex/generic/bigintcalc\bigintcalc.sty
Package: bigintcalc 2019/12/15 v1.5 Expandable calculations on big integers (HO)
))
\Fld@menulength=\count327
\Field@Width=\dimen277
\Fld@charsize=\dimen278
Package hyperref Info: Hyper figures OFF on input line 6078.
Package hyperref Info: Link nesting OFF on input line 6083.
Package hyperref Info: Hyper index ON on input line 6086.
Package hyperref Info: backreferencing OFF on input line 6093.
Package hyperref Info: Link coloring OFF on input line 6098.
Package hyperref Info: Link coloring with OCG OFF on input line 6103.
Package hyperref Info: PDF/A mode OFF on input line 6108.
\Hy@abspage=\count328


Package hyperref Message: Stopped early.

)
Package hyperref Info: Driver (autodetected): hpdftex.
 (C:\Users\Admin\AppData\Local\Programs\MiKTeX\tex/latex/hyperref\hpdftex.def
File: hpdftex.def 2025-07-12 v7.01o Hyperref driver for pdfTeX
\Fld@listcount=\count329
\c@bookmark@seq@number=\count330
 (C:\Users\Admin\AppData\Local\Programs\MiKTeX\tex/latex/rerunfilecheck\rerunfilecheck.sty
Package: rerunfilecheck 2025-06-21 v1.11 Rerun checks for auxiliary files (HO)
 (C:\Users\Admin\AppData\Local\Programs\MiKTeX\tex/generic/uniquecounter\uniquecounter.sty
Package: uniquecounter 2019/12/15 v1.4 Provide unlimited unique counter (HO)
)
Package uniquecounter Info: New unique counter `rerunfilecheck' on input line 284.
)) (C:\Users\Admin\AppData\Local\Programs\MiKTeX\tex/latex/beamer\beamerbaserequires.sty (C:\Users\Admin\AppData\Local\Programs\MiKTeX\tex/latex/beamer\beamerbasecompatibility.sty) (C:\Users\Admin\AppData\Local\Programs\MiKTeX\tex/latex/beamer\beamerbasefont.sty (C:\Users\Admin\AppData\Local\Programs\MiKTeX\tex/latex/amsfonts\amssymb.sty
Package: amssymb 2013/01/14 v3.01 AMS font symbols
 (C:\Users\Admin\AppData\Local\Programs\MiKTeX\tex/latex/amsfonts\amsfonts.sty
Package: amsfonts 2013/01/14 v3.01 Basic AMSFonts support
\@emptytoks=\toks29
\symAMSa=\mathgroup4
\symAMSb=\mathgroup5
LaTeX Font Info:    Redeclaring math symbol \hbar on input line 98.
LaTeX Font Info:    Overwriting math alphabet `\mathfrak' in version `bold'
(Font)                  U/euf/m/n --> U/euf/b/n on input line 106.
)) (C:\Users\Admin\AppData\Local\Programs\MiKTeX\tex/latex/sansmathaccent\sansmathaccent.sty
Package: sansmathaccent 2020/01/31
 (C:\Users\Admin\AppData\Local\Programs\MiKTeX\tex/latex/koma-script\scrlfile.sty
Package: scrlfile 2025/06/04 v3.45 KOMA-Script package (file load hooks)
 (C:\Users\Admin\AppData\Local\Programs\MiKTeX\tex/latex/koma-script\scrlfile-hook.sty
Package: scrlfile-hook 2025/06/04 v3.45 KOMA-Script package (using LaTeX hooks)
 (C:\Users\Admin\AppData\Local\Programs\MiKTeX\tex/latex/koma-script\scrlogo.sty
Package: scrlogo 2025/06/04 v3.45 KOMA-Script package (logo)
))))) (C:\Users\Admin\AppData\Local\Programs\MiKTeX\tex/latex/beamer\beamerbasetranslator.sty (C:\Users\Admin\AppData\Local\Programs\MiKTeX\tex/latex/translator\translator.sty
Package: translator 2021-05-31 v1.12d Easy translation of strings in LaTeX
)) (C:\Users\Admin\AppData\Local\Programs\MiKTeX\tex/latex/beamer\beamerbasemisc.sty) (C:\Users\Admin\AppData\Local\Programs\MiKTeX\tex/latex/beamer\beamerbasetwoscreens.sty) (C:\Users\Admin\AppData\Local\Programs\MiKTeX\tex/latex/beamer\beamerbaseoverlay.sty
\beamer@argscount=\count331
\beamer@lastskipcover=\skip52
\beamer@trivlistdepth=\count332
) (C:\Users\Admin\AppData\Local\Programs\MiKTeX\tex/latex/beamer\beamerbasetitle.sty) (C:\Users\Admin\AppData\Local\Programs\MiKTeX\tex/latex/beamer\beamerbasesection.sty
\c@lecture=\count333
\c@part=\count334
\c@section=\count335
\c@subsection=\count336
\c@subsubsection=\count337
) (C:\Users\Admin\AppData\Local\Programs\MiKTeX\tex/latex/beamer\beamerbaseframe.sty
\beamer@framebox=\box68
\beamer@frametitlebox=\box69
\beamer@zoombox=\box70
\beamer@zoomcount=\count338
\beamer@zoomframecount=\count339
\beamer@frametextheight=\dimen279
\c@subsectionslide=\count340
\beamer@frametopskip=\skip53
\beamer@framebottomskip=\skip54
\beamer@frametopskipautobreak=\skip55
\beamer@framebottomskipautobreak=\skip56
\beamer@envbody=\toks30
\framewidth=\dimen280
\c@framenumber=\count341
) (C:\Users\Admin\AppData\Local\Programs\MiKTeX\tex/latex/beamer\beamerbaseverbatim.sty
\beamer@verbatimfileout=\write4
) (C:\Users\Admin\AppData\Local\Programs\MiKTeX\tex/latex/beamer\beamerbaseframesize.sty
\beamer@splitbox=\box71
\beamer@autobreakcount=\count342
\beamer@autobreaklastheight=\dimen281
\beamer@frametitletoks=\toks31
\beamer@framesubtitletoks=\toks32
) (C:\Users\Admin\AppData\Local\Programs\MiKTeX\tex/latex/beamer\beamerbaseframecomponents.sty
\beamer@colheight=\skip57
\beamer@footins=\box72
) (C:\Users\Admin\AppData\Local\Programs\MiKTeX\tex/latex/beamer\beamerbasecolor.sty) (C:\Users\Admin\AppData\Local\Programs\MiKTeX\tex/latex/beamer\beamerbasenotes.sty
\beamer@frameboxcopy=\box73
) (C:\Users\Admin\AppData\Local\Programs\MiKTeX\tex/latex/beamer\beamerbasetoc.sty) (C:\Users\Admin\AppData\Local\Programs\MiKTeX\tex/latex/beamer\beamerbasetemplates.sty
\beamer@sbttoks=\toks33
 (C:\Users\Admin\AppData\Local\Programs\MiKTeX\tex/latex/beamer\beamerbaseauxtemplates.sty (C:\Users\Admin\AppData\Local\Programs\MiKTeX\tex/latex/beamer\beamerbaseboxes.sty
\bmb@box=\box74
\bmb@colorbox=\box75
\bmb@boxwidth=\dimen282
\bmb@boxheight=\dimen283
\bmb@prevheight=\dimen284
\bmb@temp=\dimen285
\bmb@dima=\dimen286
\bmb@dimb=\dimen287
\bmb@prevheight=\dimen288
)
\beamer@blockheadheight=\dimen289
)) (C:\Users\Admin\AppData\Local\Programs\MiKTeX\tex/latex/beamer\beamerbaselocalstructure.sty (C:\Users\Admin\AppData\Local\Programs\MiKTeX\tex/latex/tools\enumerate.sty
Package: enumerate 2023/07/04 v3.00 enumerate extensions (DPC)
\@enLab=\toks34
)
\beamer@bibiconwidth=\skip58
\c@figure=\count343
\c@table=\count344
\abovecaptionskip=\skip59
\belowcaptionskip=\skip60
) (C:\Users\Admin\AppData\Local\Programs\MiKTeX\tex/latex/beamer\beamerbasenavigation.sty (C:\Users\Admin\AppData\Local\Programs\MiKTeX\tex/latex/beamer\beamerbasenavigationsymbols.tex)
\beamer@section@min@dim=\dimen290
) (C:\Users\Admin\AppData\Local\Programs\MiKTeX\tex/latex/beamer\beamerbasetheorems.sty (C:\Users\Admin\AppData\Local\Programs\MiKTeX\tex/latex/amsmath\amsmath.sty
Package: amsmath 2025/06/16 v2.17y AMS math features
\@mathmargin=\skip61

For additional information on amsmath, use the `?' option.
(C:\Users\Admin\AppData\Local\Programs\MiKTeX\tex/latex/amsmath\amstext.sty
Package: amstext 2024/11/17 v2.01 AMS text
 (C:\Users\Admin\AppData\Local\Programs\MiKTeX\tex/latex/amsmath\amsgen.sty
File: amsgen.sty 1999/11/30 v2.0 generic functions
\@emptytoks=\toks35
\ex@=\dimen291
)) (C:\Users\Admin\AppData\Local\Programs\MiKTeX\tex/latex/amsmath\amsbsy.sty
Package: amsbsy 1999/11/29 v1.2d Bold Symbols
\pmbraise@=\dimen292
) (C:\Users\Admin\AppData\Local\Programs\MiKTeX\tex/latex/amsmath\amsopn.sty
Package: amsopn 2022/04/08 v2.04 operator names
)
\inf@bad=\count345
LaTeX Info: Redefining \frac on input line 233.
\uproot@=\count346
\leftroot@=\count347
LaTeX Info: Redefining \overline on input line 398.
LaTeX Info: Redefining \colon on input line 409.
\classnum@=\count348
\DOTSCASE@=\count349
LaTeX Info: Redefining \ldots on input line 495.
LaTeX Info: Redefining \dots on input line 498.
LaTeX Info: Redefining \cdots on input line 619.
\Mathstrutbox@=\box76
\strutbox@=\box77
LaTeX Info: Redefining \big on input line 721.
LaTeX Info: Redefining \Big on input line 722.
LaTeX Info: Redefining \bigg on input line 723.
LaTeX Info: Redefining \Bigg on input line 724.
\big@size=\dimen293
LaTeX Font Info:    Redeclaring font encoding OML on input line 742.
LaTeX Font Info:    Redeclaring font encoding OMS on input line 743.
\macc@depth=\count350
LaTeX Info: Redefining \bmod on input line 904.
LaTeX Info: Redefining \pmod on input line 909.
LaTeX Info: Redefining \smash on input line 939.
LaTeX Info: Redefining \relbar on input line 969.
LaTeX Info: Redefining \Relbar on input line 970.
\c@MaxMatrixCols=\count351
\dotsspace@=\muskip18
\c@parentequation=\count352
\dspbrk@lvl=\count353
\tag@help=\toks36
\row@=\count354
\column@=\count355
\maxfields@=\count356
\andhelp@=\toks37
\eqnshift@=\dimen294
\alignsep@=\dimen295
\tagshift@=\dimen296
\tagwidth@=\dimen297
\totwidth@=\dimen298
\lineht@=\dimen299
\@envbody=\toks38
\multlinegap=\skip62
\multlinetaggap=\skip63
\mathdisplay@stack=\toks39
LaTeX Info: Redefining \[ on input line 2949.
LaTeX Info: Redefining \] on input line 2950.
) (C:\Users\Admin\AppData\Local\Programs\MiKTeX\tex/latex/amscls\amsthm.sty
Package: amsthm 2020/05/29 v2.20.6
\thm@style=\toks40
\thm@bodyfont=\toks41
\thm@headfont=\toks42
\thm@notefont=\toks43
\thm@headpunct=\toks44
\thm@preskip=\skip64
\thm@postskip=\skip65
\thm@headsep=\skip66
\dth@everypar=\toks45
)
\c@theorem=\count357
) (C:\Users\Admin\AppData\Local\Programs\MiKTeX\tex/latex/beamer\beamerbasethemes.sty)) (C:\Users\Admin\AppData\Local\Programs\MiKTeX\tex/latex/beamer\beamerthemedefault.sty (C:\Users\Admin\AppData\Local\Programs\MiKTeX\tex/latex/beamer\beamerfontthemedefault.sty) (C:\Users\Admin\AppData\Local\Programs\MiKTeX\tex/latex/beamer\beamercolorthemedefault.sty) (C:\Users\Admin\AppData\Local\Programs\MiKTeX\tex/latex/beamer\beamerinnerthemedefault.sty
\beamer@dima=\dimen300
\beamer@dimb=\dimen301
) (C:\Users\Admin\AppData\Local\Programs\MiKTeX\tex/latex/beamer\beamerouterthemedefault.sty))) (../styles/slides_config.tex (C:\Users\Admin\AppData\Local\Programs\MiKTeX\tex/latex/beamer\beamerthemeMadrid.sty (C:\Users\Admin\AppData\Local\Programs\MiKTeX\tex/latex/beamer\beamercolorthemewhale.sty) (C:\Users\Admin\AppData\Local\Programs\MiKTeX\tex/latex/beamer\beamercolorthemeorchid.sty) (C:\Users\Admin\AppData\Local\Programs\MiKTeX\tex/latex/beamer\beamerinnerthemerounded.sty) (C:\Users\Admin\AppData\Local\Programs\MiKTeX\tex/latex/beamer\beamerouterthemeinfolines.sty)) (C:\Users\Admin\AppData\Local\Programs\MiKTeX\tex/latex/beamer\beamercolorthemedolphin.sty) (C:\Users\Admin\AppData\Local\Programs\MiKTeX\tex/latex/base\inputenc.sty
Package: inputenc 2024/02/08 v1.3d Input encoding file
\inpenc@prehook=\toks46
\inpenc@posthook=\toks47
) (C:\Users\Admin\AppData\Local\Programs\MiKTeX\tex/latex/base\fontenc.sty
Package: fontenc 2024/12/21 v2.1c Standard LaTeX package
) (C:\Users\Admin\AppData\Local\Programs\MiKTeX\tex/generic/babel\babel.sty
Package: babel 2025/08/03 v25.12 The multilingual framework for LuaLaTeX, pdfLaTeX and XeLaTeX
\babel@savecnt=\count358
LaTeX Encoding Info:    Redeclaring text command \ij (encoding OT1) on input line 2045.
LaTeX Encoding Info:    Redeclaring text command \IJ (encoding OT1) on input line 2047.
LaTeX Encoding Info:    Redeclaring text command \ij (encoding T1) on input line 2049.
LaTeX Encoding Info:    Redeclaring text command \IJ (encoding T1) on input line 2050.
LaTeX Encoding Info:    Ignoring declaration for text command \ij (encoding ?) on input line 2051.
LaTeX Encoding Info:    Ignoring declaration for text command \IJ (encoding ?) on input line 2053.
LaTeX Encoding Info:    Ignoring declaration for text command \SS (encoding ?) on input line 2078.
\U@D=\dimen302
\l@unhyphenated=\language79
 (C:\Users\Admin\AppData\Local\Programs\MiKTeX\tex/generic/babel\txtbabel.def)
\bbl@readstream=\read3
LaTeX Info: Redefining \textlatin on input line 3930.
\bbl@dirlevel=\count359

*************************************
* Local config file bblopts.cfg used
*
(C:\Users\Admin\AppData\Local\Programs\MiKTeX\tex/latex/arabi\bblopts.cfg
File: bblopts.cfg 2005/09/08 v0.1 add Arabic and Farsi to "declared" options of babel
) (C:\Users\Admin\AppData\Local\Programs\MiKTeX\tex/latex/babel-dutch\dutch.ldf
Language: dutch 2021/08/29 v3.8l Dutch support from the babel system
 (C:\Users\Admin\AppData\Local\Programs\MiKTeX\tex/generic/babel/locale/nl\babel-dutch.tex
Package babel Info: Importing font and identification data for dutch
(babel)             from babel-nl.ini. Reported on input line 12.
)
Package babel Info: Making " an active character on input line 127.
)) (C:\Users\Admin\AppData\Local\Programs\MiKTeX\tex/latex/fontawesome5\fontawesome5.sty (C:\Users\Admin\AppData\Local\Programs\MiKTeX\tex/latex/l3kernel\expl3.sty
Package: expl3 2025-07-20 L3 programming layer (loader) 
 (C:\Users\Admin\AppData\Local\Programs\MiKTeX\tex/latex/l3backend\l3backend-pdftex.def
File: l3backend-pdftex.def 2025-06-09 L3 backend support: PDF output (pdfTeX)
\l__color_backend_stack_int=\count360
))
Package: fontawesome5 2022/05/02 v5.15.4 Font Awesome 5
 (C:\Users\Admin\AppData\Local\Programs\MiKTeX\tex/latex/l3packages/l3keys2e\l3keys2e.sty
Package: l3keys2e 2024-08-16 LaTeX2e option processing using LaTeX3 keys
) (C:\Users\Admin\AppData\Local\Programs\MiKTeX\tex/latex/l3packages/xparse\xparse.sty
Package: xparse 2024-08-16 L3 Experimental document command parser
) (C:\Users\Admin\AppData\Local\Programs\MiKTeX\tex/latex/fontawesome5\fontawesome5-generic-helper.sty
Package: fontawesome5-generic-helper 2022/05/02 v5.15.4 non-uTeX helper for fontawesome5
 (C:\Users\Admin\AppData\Local\Programs\MiKTeX\tex/latex/fontawesome5\fontawesome5-mapping.def))) (C:\Users\Admin\AppData\Local\Programs\MiKTeX\tex/latex/lm\lmodern.sty
Package: lmodern 2015/05/01 v1.6.1 Latin Modern Fonts
LaTeX Font Info:    Overwriting symbol font `operators' in version `normal'
(Font)                  OT1/cmr/m/n --> OT1/lmr/m/n on input line 22.
LaTeX Font Info:    Overwriting symbol font `letters' in version `normal'
(Font)                  OML/cmm/m/it --> OML/lmm/m/it on input line 23.
LaTeX Font Info:    Overwriting symbol font `symbols' in version `normal'
(Font)                  OMS/cmsy/m/n --> OMS/lmsy/m/n on input line 24.
LaTeX Font Info:    Overwriting symbol font `largesymbols' in version `normal'
(Font)                  OMX/cmex/m/n --> OMX/lmex/m/n on input line 25.
LaTeX Font Info:    Overwriting symbol font `operators' in version `bold'
(Font)                  OT1/cmr/bx/n --> OT1/lmr/bx/n on input line 26.
LaTeX Font Info:    Overwriting symbol font `letters' in version `bold'
(Font)                  OML/cmm/b/it --> OML/lmm/b/it on input line 27.
LaTeX Font Info:    Overwriting symbol font `symbols' in version `bold'
(Font)                  OMS/cmsy/b/n --> OMS/lmsy/b/n on input line 28.
LaTeX Font Info:    Overwriting symbol font `largesymbols' in version `bold'
(Font)                  OMX/cmex/m/n --> OMX/lmex/m/n on input line 29.
LaTeX Font Info:    Overwriting math alphabet `\mathbf' in version `normal'
(Font)                  OT1/cmr/bx/n --> OT1/lmr/bx/n on input line 31.
LaTeX Font Info:    Overwriting math alphabet `\mathsf' in version `normal'
(Font)                  OT1/cmss/m/n --> OT1/lmss/m/n on input line 32.
LaTeX Font Info:    Overwriting math alphabet `\mathit' in version `normal'
(Font)                  OT1/cmr/m/it --> OT1/lmr/m/it on input line 33.
LaTeX Font Info:    Overwriting math alphabet `\mathtt' in version `normal'
(Font)                  OT1/cmtt/m/n --> OT1/lmtt/m/n on input line 34.
LaTeX Font Info:    Overwriting math alphabet `\mathbf' in version `bold'
(Font)                  OT1/cmr/bx/n --> OT1/lmr/bx/n on input line 35.
LaTeX Font Info:    Overwriting math alphabet `\mathsf' in version `bold'
(Font)                  OT1/cmss/bx/n --> OT1/lmss/bx/n on input line 36.
LaTeX Font Info:    Overwriting math alphabet `\mathit' in version `bold'
(Font)                  OT1/cmr/bx/it --> OT1/lmr/bx/it on input line 37.
LaTeX Font Info:    Overwriting math alphabet `\mathtt' in version `bold'
(Font)                  OT1/cmtt/m/n --> OT1/lmtt/m/n on input line 38.
) (C:\Users\Admin\AppData\Local\Programs\MiKTeX\tex/latex/microtype\microtype.sty
Package: microtype 2025/07/09 v3.2b Micro-typographical refinements (RS)
\MT@toks=\toks48
\MT@tempbox=\box78
\MT@count=\count361
LaTeX Info: Redefining \noprotrusionifhmode on input line 1087.
LaTeX Info: Redefining \leftprotrusion on input line 1088.
\MT@prot@toks=\toks49
LaTeX Info: Redefining \rightprotrusion on input line 1107.
LaTeX Info: Redefining \textls on input line 1449.
\MT@outer@kern=\dimen303
LaTeX Info: Redefining \microtypecontext on input line 2053.
LaTeX Info: Redefining \textmicrotypecontext on input line 2070.
\MT@listname@count=\count362
 (C:\Users\Admin\AppData\Local\Programs\MiKTeX\tex/latex/microtype\microtype-pdftex.def
File: microtype-pdftex.def 2025/07/09 v3.2b Definitions specific to pdftex (RS)
LaTeX Info: Redefining \lsstyle on input line 944.
LaTeX Info: Redefining \lslig on input line 944.
\MT@outer@space=\skip67
)
Package microtype Info: Loading configuration file microtype.cfg.
 (C:\Users\Admin\AppData\Local\Programs\MiKTeX\tex/latex/microtype\microtype.cfg
File: microtype.cfg 2025/07/09 v3.2b microtype main configuration file (RS)
)
LaTeX Info: Redefining \microtypesetup on input line 3065.
) (C:\Users\Admin\AppData\Local\Programs\MiKTeX\tex/latex/eurosym\eurosym.sty
Package: eurosym 1998/08/06 v1.1 European currency symbol ``Euro''
\@eurobox=\box79
) (C:\Users\Admin\AppData\Local\Programs\MiKTeX\tex/latex/mathtools\mathtools.sty
Package: mathtools 2024/10/04 v1.31 mathematical typesetting tools
 (C:\Users\Admin\AppData\Local\Programs\MiKTeX\tex/latex/tools\calc.sty
Package: calc 2025/03/01 v4.3b Infix arithmetic (KKT,FJ)
\calc@Acount=\count363
\calc@Bcount=\count364
\calc@Adimen=\dimen304
\calc@Bdimen=\dimen305
\calc@Askip=\skip68
\calc@Bskip=\skip69
LaTeX Info: Redefining \setlength on input line 86.
LaTeX Info: Redefining \addtolength on input line 87.
\calc@Ccount=\count365
\calc@Cskip=\skip70
) (C:\Users\Admin\AppData\Local\Programs\MiKTeX\tex/latex/mathtools\mhsetup.sty
Package: mhsetup 2021/03/18 v1.4 programming setup (MH)
)
\g_MT_multlinerow_int=\count366
\l_MT_multwidth_dim=\dimen306
\origjot=\skip71
\l_MT_shortvdotswithinadjustabove_dim=\dimen307
\l_MT_shortvdotswithinadjustbelow_dim=\dimen308
\l_MT_above_intertext_sep=\dimen309
\l_MT_below_intertext_sep=\dimen310
\l_MT_above_shortintertext_sep=\dimen311
\l_MT_below_shortintertext_sep=\dimen312
\xmathstrut@box=\box80
\xmathstrut@dim=\dimen313
)
\sympureletters=\mathgroup6
LaTeX Font Info:    Overwriting symbol font `pureletters' in version `bold'
(Font)                  OT1/mathkerncmss/m/sl --> OT1/mathkerncmss/bx/sl on input line 26.
 (C:\Users\Admin\AppData\Local\Programs\MiKTeX\tex/latex/tools\bm.sty
Package: bm 2023/12/19 v1.2f Bold Symbol Support (DPC/FMi)
\symboldoperators=\mathgroup7
\symboldletters=\mathgroup8
\symboldsymbols=\mathgroup9
Package bm Info: No bold for \OMX/lmex/m/n, using \pmb.
Package bm Info: No bold for \U/msa/m/n, using \pmb.
Package bm Info: No bold for \U/msb/m/n, using \pmb.
\symboldpureletters=\mathgroup10
LaTeX Font Info:    Redeclaring math alphabet \mathbf on input line 149.
) (C:\Users\Admin\AppData\Local\Programs\MiKTeX\tex/latex/optidef\optidef.sty
Package: optidef 2019/04/23 - version=3.1, Package for defining optimization problems
 (C:\Users\Admin\AppData\Local\Programs\MiKTeX\tex/latex/environ\environ.sty
Package: environ 2014/05/04 v0.3 A new way to define environments
 (C:\Users\Admin\AppData\Local\Programs\MiKTeX\tex/latex/trimspaces\trimspaces.sty
Package: trimspaces 2009/09/17 v1.1 Trim spaces around a token list
)) (C:\Users\Admin\AppData\Local\Programs\MiKTeX\tex/latex/xifthen\xifthen.sty
Package: xifthen 2015/11/05 v1.4.0 Extended ifthen features
 (C:\Users\Admin\AppData\Local\Programs\MiKTeX\tex/latex/base\ifthen.sty
Package: ifthen 2024/03/16 v1.1e Standard LaTeX ifthen package (DPC)
) (C:\Users\Admin\AppData\Local\Programs\MiKTeX\tex/latex/ifmtarg\ifmtarg.sty
Package: ifmtarg 2018/04/16 v1.2b check for an empty argument
))
\widthInit=\skip72
) (C:\Users\Admin\AppData\Local\Programs\MiKTeX\tex/latex/listings\listings.sty
\lst@mode=\count367
\lst@gtempboxa=\box81
\lst@token=\toks50
\lst@length=\count368
\lst@currlwidth=\dimen314
\lst@column=\count369
\lst@pos=\count370
\lst@lostspace=\dimen315
\lst@width=\dimen316
\lst@newlines=\count371
\lst@lineno=\count372
\lst@maxwidth=\dimen317
 (C:\Users\Admin\AppData\Local\Programs\MiKTeX\tex/latex/listings\lstpatch.sty
File: lstpatch.sty 2024/09/23 1.10c (Carsten Heinz)
) (C:\Users\Admin\AppData\Local\Programs\MiKTeX\tex/latex/listings\lstmisc.sty
File: lstmisc.sty 2024/09/23 1.10c (Carsten Heinz)
\c@lstnumber=\count373
\lst@skipnumbers=\count374
\lst@framebox=\box82
) (C:\Users\Admin\AppData\Local\Programs\MiKTeX\tex/latex/listings\listings.cfg
File: listings.cfg 2024/09/23 1.10c listings configuration
))
Package: listings 2024/09/23 1.10c (Carsten Heinz)
 (C:\Users\Admin\AppData\Local\Programs\MiKTeX\tex/latex/siunitx\siunitx.sty
Package: siunitx 2025-07-09 v3.4.14 A comprehensive (SI) units package
\l__siunitx_number_uncert_offset_int=\count375
\l__siunitx_number_exponent_fixed_int=\count376
\l__siunitx_number_min_decimal_int=\count377
\l__siunitx_number_min_integer_int=\count378
\l__siunitx_number_round_precision_int=\count379
\l__siunitx_number_lower_threshold_int=\count380
\l__siunitx_number_upper_threshold_int=\count381
\l__siunitx_number_group_first_int=\count382
\l__siunitx_number_group_size_int=\count383
\l__siunitx_number_group_minimum_int=\count384
\l__siunitx_angle_tmp_dim=\dimen318
\l__siunitx_angle_marker_box=\box83
\l__siunitx_angle_unit_box=\box84
\l__siunitx_compound_count_int=\count385
 (C:\Users\Admin\AppData\Local\Programs\MiKTeX\tex/latex/translations\translations.sty
Package: translations 2022/02/05 v1.12 internationalization of LaTeX2e packages (CN)
)
\l__siunitx_table_tmp_box=\box85
\l__siunitx_table_tmp_dim=\dimen319
\l__siunitx_table_column_width_dim=\dimen320
\l__siunitx_table_integer_box=\box86
\l__siunitx_table_decimal_box=\box87
\l__siunitx_table_uncert_box=\box88
\l__siunitx_table_before_box=\box89
\l__siunitx_table_after_box=\box90
\l__siunitx_table_before_dim=\dimen321
\l__siunitx_table_carry_dim=\dimen322
\l__siunitx_unit_tmp_int=\count386
\l__siunitx_unit_position_int=\count387
\l__siunitx_unit_total_int=\count388
 (C:\Users\Admin\AppData\Local\Programs\MiKTeX\tex/latex/tools\array.sty
Package: array 2025/06/08 v2.6j Tabular extension package (FMi)
\col@sep=\dimen323
\ar@mcellbox=\box91
\extrarowheight=\dimen324
\NC@list=\toks51
\extratabsurround=\skip73
\backup@length=\skip74
\ar@cellbox=\box92
)) (C:\Users\Admin\AppData\Local\Programs\MiKTeX\tex/latex/booktabs\booktabs.sty
Package: booktabs 2020/01/12 v1.61803398 Publication quality tables
\heavyrulewidth=\dimen325
\lightrulewidth=\dimen326
\cmidrulewidth=\dimen327
\belowrulesep=\dimen328
\belowbottomsep=\dimen329
\aboverulesep=\dimen330
\abovetopsep=\dimen331
\cmidrulesep=\dimen332
\cmidrulekern=\dimen333
\defaultaddspace=\dimen334
\@cmidla=\count389
\@cmidlb=\count390
\@aboverulesep=\dimen335
\@belowrulesep=\dimen336
\@thisruleclass=\count391
\@lastruleclass=\count392
\@thisrulewidth=\dimen337
) (C:\Users\Admin\AppData\Local\Programs\MiKTeX\tex/latex/multirow\multirow.sty
Package: multirow 2024/11/12 v2.9 Span multiple rows of a table
\multirow@colwidth=\skip75
\multirow@cntb=\count393
\multirow@dima=\skip76
\bigstrutjot=\dimen338
) (C:\Users\Admin\AppData\Local\Programs\MiKTeX\tex/latex/tools\multicol.sty
Package: multicol 2025/05/25 v2.0a multicolumn formatting (FMi)
\c@tracingmulticols=\count394
\mult@box=\box93
\multicol@leftmargin=\dimen339
\c@unbalance=\count395
\c@collectmore=\count396
\doublecol@number=\count397
\multicoltolerance=\count398
\multicolpretolerance=\count399
\full@width=\dimen340
\page@free=\dimen341
\premulticols=\dimen342
\postmulticols=\dimen343
\multicolsep=\skip77
\multicolbaselineskip=\skip78
\partial@page=\box94
\last@line=\box95
\mc@boxedresult=\box96
\maxbalancingoverflow=\dimen344
\mult@rightbox=\box97
\mult@grightbox=\box98
\mult@firstbox=\box99
\mult@gfirstbox=\box100
\@tempa=\box101
\@tempa=\box102
\@tempa=\box103
\@tempa=\box104
\@tempa=\box105
\@tempa=\box106
\@tempa=\box107
\@tempa=\box108
\@tempa=\box109
\@tempa=\box110
\@tempa=\box111
\@tempa=\box112
\@tempa=\box113
\@tempa=\box114
\@tempa=\box115
\@tempa=\box116
\@tempa=\box117
\@tempa=\box118
\@tempa=\box119
\@tempa=\box120
\@tempa=\box121
\@tempa=\box122
\@tempa=\box123
\@tempa=\box124
\@tempa=\box125
\@tempa=\box126
\@tempa=\box127
\@tempa=\box128
\@tempa=\box129
\@tempa=\box130
\@tempa=\box131
\@tempa=\box132
\@tempa=\box133
\@tempa=\box134
\@tempa=\box135
\@tempa=\box136
\c@minrows=\count400
\c@columnbadness=\count401
\c@finalcolumnbadness=\count402
\last@try=\dimen345
\multicolovershoot=\dimen346
\multicolundershoot=\dimen347
\mult@nat@firstbox=\box137
\colbreak@box=\box138
\mc@col@check@num=\count403
\g__mc_curr_col_int=\count404
) (C:\Users\Admin\AppData\Local\Programs\MiKTeX\tex/latex/colortbl\colortbl.sty
Package: colortbl 2024/10/29 v1.0k Color table columns (DPC)
\everycr=\toks52
\minrowclearance=\skip79
\rownum=\count405
) (C:\Users\Admin\AppData\Local\Programs\MiKTeX\tex/latex/adjustbox\adjustbox.sty
Package: adjustbox 2025/02/26 v1.3c Adjusting TeX boxes (trim, clip, ...)
 (C:\Users\Admin\AppData\Local\Programs\MiKTeX\tex/latex/xkeyval\xkeyval.sty
Package: xkeyval 2022/06/16 v2.9 package option processing (HA)
 (C:\Users\Admin\AppData\Local\Programs\MiKTeX\tex/generic/xkeyval\xkeyval.tex (C:\Users\Admin\AppData\Local\Programs\MiKTeX\tex/generic/xkeyval\xkvutils.tex
\XKV@toks=\toks53
\XKV@tempa@toks=\toks54
)
\XKV@depth=\count406
File: xkeyval.tex 2014/12/03 v2.7a key=value parser (HA)
)) (C:\Users\Admin\AppData\Local\Programs\MiKTeX\tex/latex/adjustbox\adjcalc.sty
Package: adjcalc 2012/05/16 v1.1 Provides advanced setlength with multiple back-ends (calc, etex, pgfmath)
) (C:\Users\Admin\AppData\Local\Programs\MiKTeX\tex/latex/adjustbox\trimclip.sty
Package: trimclip 2025/02/21 v1.2a Trim and clip general TeX material
 (C:\Users\Admin\AppData\Local\Programs\MiKTeX\tex/latex/collectbox\collectbox.sty
Package: collectbox 2022/10/17 v0.4c Collect macro arguments as boxes
\collectedbox=\box139
)
\tc@llx=\dimen348
\tc@lly=\dimen349
\tc@urx=\dimen350
\tc@ury=\dimen351
Package trimclip Info: Using driver 'tc-pdftex.def'.
 (C:\Users\Admin\AppData\Local\Programs\MiKTeX\tex/latex/adjustbox\tc-pdftex.def
File: tc-pdftex.def 2025/02/26 v2.3 Clipping driver for pdftex
))
\adjbox@Width=\dimen352
\adjbox@Height=\dimen353
\adjbox@Depth=\dimen354
\adjbox@Totalheight=\dimen355
\adjbox@pwidth=\dimen356
\adjbox@pheight=\dimen357
\adjbox@pdepth=\dimen358
\adjbox@ptotalheight=\dimen359
 (C:\Users\Admin\AppData\Local\Programs\MiKTeX\tex/latex/ifoddpage\ifoddpage.sty
Package: ifoddpage 2022/10/18 v1.2 Conditionals for odd/even page detection
\c@checkoddpage=\count407
) (C:\Users\Admin\AppData\Local\Programs\MiKTeX\tex/latex/varwidth\varwidth.sty
Package: varwidth 2009/03/30 ver 0.92;  Variable-width minipages
\@vwid@box=\box140
\sift@deathcycles=\count408
\@vwid@loff=\dimen360
\@vwid@roff=\dimen361
)
==> First Aid for varwidth.sty applied!
) (C:\Users\Admin\AppData\Local\Programs\MiKTeX\tex/latex/nicematrix\nicematrix.sty (C:\Users\Admin\AppData\Local\Programs\MiKTeX\tex/generic/pgf/modules\pgfmoduleshapes.code.tex
File: pgfmoduleshapes.code.tex 2023-01-15 v3.1.10 (3.1.10)
\pgfnodeparttextbox=\box141
)
Package: nicematrix 2025/08/05 v7.2 Enhanced arrays with the help of PGF/TikZ
\l__nicematrix_tmpc_dim=\dimen362
\l__nicematrix_tmpd_dim=\dimen363
\l__nicematrix_tmpe_dim=\dimen364
\l__nicematrix_tmpf_dim=\dimen365
\l__nicematrix_tmpc_int=\count409
\g__nicematrix_env_int=\count410
\g__nicematrix_NiceMatrixBlock_int=\count411
\g__nicematrix_notes_caption_int=\count412
\l__nicematrix_columns_width_dim=\dimen366
\l__nicematrix_col_width_dim=\dimen367
\g__nicematrix_row_total_int=\count413
\g__nicematrix_col_total_int=\count414
\g__nicematrix_last_row_node_int=\count415
\l__nicematrix_key_nb_rows_int=\count416
\g__nicematrix_blocks_wd_dim=\dimen368
\g__nicematrix_blocks_ht_dim=\dimen369
\g__nicematrix_blocks_dp_dim=\dimen370
\l__nicematrix_width_dim=\dimen371
\l__nicematrix_tabular_width_dim=\dimen372
\l__nicematrix_rule_width_dim=\dimen373
\l__nicematrix_old_iRow_int=\count417
\l__nicematrix_old_jCol_int=\count418
\l__nicematrix_X_columns_dim=\dimen374
\l__nicematrix_x_initial_dim=\dimen375
\l__nicematrix_y_initial_dim=\dimen376
\l__nicematrix_x_final_dim=\dimen377
\l__nicematrix_y_final_dim=\dimen378
\g__nicematrix_dp_row_zero_dim=\dimen379
\g__nicematrix_ht_row_zero_dim=\dimen380
\g__nicematrix_ht_row_one_dim=\dimen381
\g__nicematrix_dp_ante_last_row_dim=\dimen382
\g__nicematrix_ht_last_row_dim=\dimen383
\g__nicematrix_dp_last_row_dim=\dimen384
\g__nicematrix_width_last_col_dim=\dimen385
\g__nicematrix_width_first_col_dim=\dimen386
\g__nicematrix_ddots_int=\count419
\g__nicematrix_iddots_int=\count420
\g__nicematrix_delta_x_one_dim=\dimen387
\g__nicematrix_delta_y_one_dim=\dimen388
\g__nicematrix_delta_x_two_dim=\dimen389
\g__nicematrix_delta_y_two_dim=\dimen390
\l__nicematrix_row_min_int=\count421
\l__nicematrix_row_max_int=\count422
\l__nicematrix_col_min_int=\count423
\l__nicematrix_col_max_int=\count424
\l__nicematrix_initial_i_int=\count425
\l__nicematrix_initial_j_int=\count426
\l__nicematrix_final_i_int=\count427
\l__nicematrix_final_j_int=\count428
\l__nicematrix_start_int=\count429
\l__nicematrix_end_int=\count430
\l__nicematrix_local_start_int=\count431
\l__nicematrix_local_end_int=\count432
\g__nicematrix_static_num_of_col_int=\count433
\l__nicematrix_rounded_corners_dim=\dimen391
\l__nicematrix_tab_rounded_corners_dim=\dimen392
\l__nicematrix_offset_dim=\dimen393
\l__nicematrix_line_width_dim=\dimen394
\g__nicematrix_block_box_int=\count434
\l__nicematrix_submatrix_extra_height_dim=\dimen395
\l__nicematrix_submatrix_left_xshift_dim=\dimen396
\l__nicematrix_submatrix_right_xshift_dim=\dimen397
\l__nicematrix_first_row_int=\count435
\l__nicematrix_first_col_int=\count436
\l__nicematrix_last_row_int=\count437
\l__nicematrix_last_col_int=\count438
\c@tabularnote=\count439
\g__nicematrix_tabularnote_int=\count440
\c@nicematrix_draft=\count441
\l__nicematrix_cell_space_top_limit_dim=\dimen398
\l__nicematrix_cell_space_bottom_limit_dim=\dimen399
\l__nicematrix_xdots_inter_dim=\dimen400
\l__nicematrix_xdots_shorten_start_dim=\dimen401
\l__nicematrix_xdots_shorten_end_dim=\dimen402
\l__nicematrix_xdots_radius_dim=\dimen403
\l__nicematrix_left_margin_dim=\dimen404
\l__nicematrix_right_margin_dim=\dimen405
\l__nicematrix_extra_left_margin_dim=\dimen406
\l__nicematrix_extra_right_margin_dim=\dimen407
\c__nicematrix_max_l_dim=\dimen408
\l__nicematrix_position_int=\count442
\l__nicematrix_multiplicity_int=\count443
\l__nicematrix_brace_yshift_dim=\dimen409
) (C:\Users\Admin\AppData\Local\Programs\MiKTeX\tex/latex/pgf/frontendlayer\tikz.sty (C:\Users\Admin\AppData\Local\Programs\MiKTeX\tex/latex/pgf/basiclayer\pgf.sty
Package: pgf 2023-01-15 v3.1.10 (3.1.10)
 (C:\Users\Admin\AppData\Local\Programs\MiKTeX\tex/generic/pgf/modules\pgfmoduleplot.code.tex
File: pgfmoduleplot.code.tex 2023-01-15 v3.1.10 (3.1.10)
) (C:\Users\Admin\AppData\Local\Programs\MiKTeX\tex/latex/pgf/compatibility\pgfcomp-version-0-65.sty
Package: pgfcomp-version-0-65 2023-01-15 v3.1.10 (3.1.10)
\pgf@nodesepstart=\dimen410
\pgf@nodesepend=\dimen411
) (C:\Users\Admin\AppData\Local\Programs\MiKTeX\tex/latex/pgf/compatibility\pgfcomp-version-1-18.sty
Package: pgfcomp-version-1-18 2023-01-15 v3.1.10 (3.1.10)
)) (C:\Users\Admin\AppData\Local\Programs\MiKTeX\tex/latex/pgf/utilities\pgffor.sty (C:\Users\Admin\AppData\Local\Programs\MiKTeX\tex/generic/pgf/utilities\pgffor.code.tex
Package: pgffor 2023-01-15 v3.1.10 (3.1.10)
\pgffor@iter=\dimen412
\pgffor@skip=\dimen413
\pgffor@stack=\toks55
\pgffor@toks=\toks56
)) (C:\Users\Admin\AppData\Local\Programs\MiKTeX\tex/generic/pgf/frontendlayer/tikz\tikz.code.tex
Package: tikz 2023-01-15 v3.1.10 (3.1.10)
 (C:\Users\Admin\AppData\Local\Programs\MiKTeX\tex/generic/pgf/libraries\pgflibraryplothandlers.code.tex
File: pgflibraryplothandlers.code.tex 2023-01-15 v3.1.10 (3.1.10)
\pgf@plot@mark@count=\count444
\pgfplotmarksize=\dimen414
)
\tikz@lastx=\dimen415
\tikz@lasty=\dimen416
\tikz@lastxsaved=\dimen417
\tikz@lastysaved=\dimen418
\tikz@lastmovetox=\dimen419
\tikz@lastmovetoy=\dimen420
\tikzleveldistance=\dimen421
\tikzsiblingdistance=\dimen422
\tikz@figbox=\box142
\tikz@figbox@bg=\box143
\tikz@tempbox=\box144
\tikz@tempbox@bg=\box145
\tikztreelevel=\count445
\tikznumberofchildren=\count446
\tikznumberofcurrentchild=\count447
\tikz@fig@count=\count448
 (C:\Users\Admin\AppData\Local\Programs\MiKTeX\tex/generic/pgf/modules\pgfmodulematrix.code.tex
File: pgfmodulematrix.code.tex 2023-01-15 v3.1.10 (3.1.10)
\pgfmatrixcurrentrow=\count449
\pgfmatrixcurrentcolumn=\count450
\pgf@matrix@numberofcolumns=\count451
)
\tikz@expandcount=\count452
 (C:\Users\Admin\AppData\Local\Programs\MiKTeX\tex/generic/pgf/frontendlayer/tikz/libraries\tikzlibrarytopaths.code.tex
File: tikzlibrarytopaths.code.tex 2023-01-15 v3.1.10 (3.1.10)
))) (C:\Users\Admin\AppData\Local\Programs\MiKTeX\tex/latex/tkz-euclide\tkz-euclide.sty
2024/04/19 5.10c tkz-euclide.sty
Package: tkz-euclide  2024/04/19 5.10c for pure Euclidean Geometry 
(C:\Users\Admin\AppData\Local\Programs\MiKTeX\tex/generic/pgf/frontendlayer/tikz/libraries\tikzlibraryangles.code.tex
File: tikzlibraryangles.code.tex 2023-01-15 v3.1.10 (3.1.10)
) (C:\Users\Admin\AppData\Local\Programs\MiKTeX\tex/generic/pgf/frontendlayer/tikz/libraries\tikzlibraryarrows.code.tex
File: tikzlibraryarrows.code.tex 2023-01-15 v3.1.10 (3.1.10)
 (C:\Users\Admin\AppData\Local\Programs\MiKTeX\tex/generic/pgf/libraries\pgflibraryarrows.code.tex
File: pgflibraryarrows.code.tex 2023-01-15 v3.1.10 (3.1.10)
\arrowsize=\dimen423
)) (C:\Users\Admin\AppData\Local\Programs\MiKTeX\tex/generic/pgf/libraries\pgflibraryarrows.meta.code.tex
File: pgflibraryarrows.meta.code.tex 2023-01-15 v3.1.10 (3.1.10)
\pgfarrowinset=\dimen424
\pgfarrowlength=\dimen425
\pgfarrowwidth=\dimen426
\pgfarrowlinewidth=\dimen427
) (C:\Users\Admin\AppData\Local\Programs\MiKTeX\tex/generic/pgf/frontendlayer/tikz/libraries\tikzlibrarybackgrounds.code.tex
File: tikzlibrarybackgrounds.code.tex 2023-01-15 v3.1.10 (3.1.10)
\pgf@layerbox@background=\box146
\pgf@layerboxsaved@background=\box147
) (C:\Users\Admin\AppData\Local\Programs\MiKTeX\tex/generic/pgf/frontendlayer/tikz/libraries\tikzlibrarycalc.code.tex
File: tikzlibrarycalc.code.tex 2023-01-15 v3.1.10 (3.1.10)
) (C:\Users\Admin\AppData\Local\Programs\MiKTeX\tex/generic/pgf/frontendlayer/tikz/libraries\tikzlibrarydecorations.code.tex (C:\Users\Admin\AppData\Local\Programs\MiKTeX\tex/generic/pgf/modules\pgfmoduledecorations.code.tex
\pgfdecoratedcompleteddistance=\dimen428
\pgfdecoratedremainingdistance=\dimen429
\pgfdecoratedinputsegmentcompleteddistance=\dimen430
\pgfdecoratedinputsegmentremainingdistance=\dimen431
\pgf@decorate@distancetomove=\dimen432
\pgf@decorate@repeatstate=\count453
\pgfdecorationsegmentamplitude=\dimen433
\pgfdecorationsegmentlength=\dimen434
)
\tikz@lib@dec@box=\box148
) (C:\Users\Admin\AppData\Local\Programs\MiKTeX\tex/generic/pgf/frontendlayer/tikz/libraries\tikzlibrarydecorations.markings.code.tex (C:\Users\Admin\AppData\Local\Programs\MiKTeX\tex/generic/pgf/libraries/decorations\pgflibrarydecorations.markings.code.tex)) (C:\Users\Admin\AppData\Local\Programs\MiKTeX\tex/generic/pgf/frontendlayer/tikz/libraries\tikzlibrarydecorations.pathreplacing.code.tex (C:\Users\Admin\AppData\Local\Programs\MiKTeX\tex/generic/pgf/libraries/decorations\pgflibrarydecorations.pathreplacing.code.tex)) (C:\Users\Admin\AppData\Local\Programs\MiKTeX\tex/generic/pgf/frontendlayer/tikz/libraries\tikzlibrarydecorations.shapes.code.tex (C:\Users\Admin\AppData\Local\Programs\MiKTeX\tex/generic/pgf/libraries/decorations\pgflibrarydecorations.shapes.code.tex)) (C:\Users\Admin\AppData\Local\Programs\MiKTeX\tex/generic/pgf/frontendlayer/tikz/libraries\tikzlibrarydecorations.text.code.tex (C:\Users\Admin\AppData\Local\Programs\MiKTeX\tex/generic/pgf/libraries/decorations\pgflibrarydecorations.text.code.tex
\pgf@lib@dec@text@box=\box149
)
\tikz@lib@dec@te@box=\box150
) (C:\Users\Admin\AppData\Local\Programs\MiKTeX\tex/generic/pgf/frontendlayer/tikz/libraries\tikzlibrarydecorations.pathmorphing.code.tex (C:\Users\Admin\AppData\Local\Programs\MiKTeX\tex/generic/pgf/libraries/decorations\pgflibrarydecorations.pathmorphing.code.tex)) (C:\Users\Admin\AppData\Local\Programs\MiKTeX\tex/generic/pgf/frontendlayer/tikz/libraries\tikzlibraryintersections.code.tex (C:\Users\Admin\AppData\Local\Programs\MiKTeX\tex/generic/pgf/libraries\pgflibraryintersections.code.tex (C:\Users\Admin\AppData\Local\Programs\MiKTeX\tex/generic/pgf/libraries\pgflibraryfpu.code.tex)
\pgf@intersect@solutions=\count454
)) (C:\Users\Admin\AppData\Local\Programs\MiKTeX\tex/generic/pgf/frontendlayer/tikz/libraries\tikzlibrarymath.code.tex (C:\Users\Admin\AppData\Local\Programs\MiKTeX\tex/generic/pgf/frontendlayer/tikz/libraries\tikzlibraryfpu.code.tex)
\tikz@math@for@depth=\count455
\tikz@math@dimen=\dimen435
\tikz@math@toks=\toks57
) (C:\Users\Admin\AppData\Local\Programs\MiKTeX\tex/generic/pgf/frontendlayer/tikz/libraries\tikzlibraryplotmarks.code.tex
File: tikzlibraryplotmarks.code.tex 2023-01-15 v3.1.10 (3.1.10)
 (C:\Users\Admin\AppData\Local\Programs\MiKTeX\tex/generic/pgf/libraries\pgflibraryplotmarks.code.tex
File: pgflibraryplotmarks.code.tex 2023-01-15 v3.1.10 (3.1.10)
)) (C:\Users\Admin\AppData\Local\Programs\MiKTeX\tex/generic/pgf/frontendlayer/tikz/libraries\tikzlibrarypositioning.code.tex
File: tikzlibrarypositioning.code.tex 2023-01-15 v3.1.10 (3.1.10)
) (C:\Users\Admin\AppData\Local\Programs\MiKTeX\tex/generic/pgf/frontendlayer/tikz/libraries\tikzlibraryquotes.code.tex
File: tikzlibraryquotes.code.tex 2023-01-15 v3.1.10 (3.1.10)
) (C:\Users\Admin\AppData\Local\Programs\MiKTeX\tex/generic/pgf/frontendlayer/tikz/libraries\tikzlibraryshapes.misc.code.tex
File: tikzlibraryshapes.misc.code.tex 2023-01-15 v3.1.10 (3.1.10)
 (C:\Users\Admin\AppData\Local\Programs\MiKTeX\tex/generic/pgf/libraries/shapes\pgflibraryshapes.misc.code.tex
File: pgflibraryshapes.misc.code.tex 2023-01-15 v3.1.10 (3.1.10)
)) (C:\Users\Admin\AppData\Local\Programs\MiKTeX\tex/generic/pgf/frontendlayer/tikz/libraries\tikzlibrarythrough.code.tex
File: tikzlibrarythrough.code.tex 2023-01-15 v3.1.10 (3.1.10)
) (C:\Users\Admin\AppData\Local\Programs\MiKTeX\tex/latex/l3packages/xfp\xfp.sty
Package: xfp 2024-08-16 L3 Floating point unit
) (C:\Users\Admin\AppData\Local\Programs\MiKTeX\tex/latex/xpatch\xpatch.sty
Package: xpatch 2020/03/25 v0.3a Extending etoolbox patching commands
)
\tkzRadius=\dimen436
\tkzLength=\dimen437
\tkz@radi=\dimen438
\tkz@ax=\dimen439
\tkz@ay=\dimen440
\tkz@bx=\dimen441
\tkz@by=\dimen442
\tkz@cx=\dimen443
\tkz@cy=\dimen444
\tkz@dx=\dimen445
\tkz@dy=\dimen446
\tkz@cntmk=\count456

Local configuration file tkz-euclide.cfg found and used
(C:\Users\Admin\AppData\Local\Programs\MiKTeX\tex/latex/tkz-euclide\tkz-euclide.cfg
2024/04/19 5.10c tkz-euclide.cfg
) (C:\Users\Admin\AppData\Local\Programs\MiKTeX\tex/latex/tkz-euclide/tools\tkz-tools-eu-base.tex
2024/04/19 5.10c tkz-tools-eu-base.tex
) (C:\Users\Admin\AppData\Local\Programs\MiKTeX\tex/latex/tkz-euclide/tools\tkz-tools-eu-utilities.tex
2024/04/19 5.10c tkz-tools-eu-utilities.tex
) (C:\Users\Admin\AppData\Local\Programs\MiKTeX\tex/latex/tkz-euclide/tools\tkz-tools-eu-BB.tex
2024/04/19 5.10c tkz-obj-eu-BB.tex
) (C:\Users\Admin\AppData\Local\Programs\MiKTeX\tex/latex/tkz-euclide/obj\tkz-obj-eu-grids.tex
2024/04/19 5.10c tkz-obj-eu-grids.tex
) (C:\Users\Admin\AppData\Local\Programs\MiKTeX\tex/latex/tkz-euclide/libs\tkz-lib-eu-marks.tex
2024/04/19 5.10c tkz-lib-eu-marks.tex
) (C:\Users\Admin\AppData\Local\Programs\MiKTeX\tex/latex/tkz-euclide/tools\tkz-tools-eu-text.tex
2024/04/19 5.10c tkz-tools-eu-text.tex
) (C:\Users\Admin\AppData\Local\Programs\MiKTeX\tex/latex/tkz-euclide/libs\tkz-lib-eu-shape.tex
2024/04/19 5.10c tkz-lib-eu-shape.tex
) (C:\Users\Admin\AppData\Local\Programs\MiKTeX\tex/latex/tkz-euclide/obj\tkz-obj-eu-axesmin.tex
2024/04/19 5.10c tkz-obj-eu-axesmin
) (C:\Users\Admin\AppData\Local\Programs\MiKTeX\tex/latex/tkz-euclide/tools\tkz-tools-eu-colors.tex
2024/04/19 5.10c tkz-tools-eu-colors
) (C:\Users\Admin\AppData\Local\Programs\MiKTeX\tex/latex/tkz-euclide/obj\tkz-obj-eu-points.tex
2024/04/19 5.10c tkz-obj-eu-points.tex
) (C:\Users\Admin\AppData\Local\Programs\MiKTeX\tex/latex/tkz-euclide/drawings\tkz-draw-eu-points.tex
2024/04/19 5.10c tkz-draw-eu-points.tex
) (C:\Users\Admin\AppData\Local\Programs\MiKTeX\tex/latex/tkz-euclide/obj\tkz-obj-eu-points.tex
2024/04/19 5.10c tkz-obj-eu-points.tex
) (C:\Users\Admin\AppData\Local\Programs\MiKTeX\tex/latex/tkz-euclide/obj\tkz-obj-eu-points-by.tex
2024/04/19 5.10c tkz-tools-eu-points-by.tex
) (C:\Users\Admin\AppData\Local\Programs\MiKTeX\tex/latex/tkz-euclide/tools\tkz-tools-eu-math.tex
2024/04/19 5.10c tkz-tools-eu-math.tex
) (C:\Users\Admin\AppData\Local\Programs\MiKTeX\tex/latex/tkz-euclide/tools\tkz-tools-eu-intersections.tex
2024/04/19 5.10c tkz-tools-eu-intersections.tex
) (C:\Users\Admin\AppData\Local\Programs\MiKTeX\tex/latex/tkz-euclide/obj\tkz-obj-eu-points-with.tex
2024/04/19 5.10c tkz-obj-eu-points-with.tex
) (C:\Users\Admin\AppData\Local\Programs\MiKTeX\tex/latex/tkz-euclide/obj\tkz-obj-eu-points-spc.tex
2024/04/19 5.10c tkz-obj-el-points.tex
) (C:\Users\Admin\AppData\Local\Programs\MiKTeX\tex/latex/tkz-euclide/tools\tkz-tools-eu-angles.tex
2024/04/19 5.10c tkz-tools-eu-angles.tex
) (C:\Users\Admin\AppData\Local\Programs\MiKTeX\tex/latex/tkz-euclide/obj\tkz-obj-eu-circles.tex
2024/04/19 5.10c tkz-obj-eu-circles.tex
) (C:\Users\Admin\AppData\Local\Programs\MiKTeX\tex/latex/tkz-euclide/obj\tkz-obj-eu-circles-by.tex
2024/04/19 5.10c tkz-obj-eu-circles.tex
) (C:\Users\Admin\AppData\Local\Programs\MiKTeX\tex/latex/tkz-euclide/obj\tkz-obj-eu-points-rnd.tex
2024/04/19 5.10c tkz-obj-eu-points-rnd.tex
) (C:\Users\Admin\AppData\Local\Programs\MiKTeX\tex/latex/tkz-euclide/obj\tkz-obj-eu-lines.tex
2024/04/19 5.10c tkz-obj-eu-lines.tex
) (C:\Users\Admin\AppData\Local\Programs\MiKTeX\tex/latex/tkz-euclide/obj\tkz-obj-eu-polygons.tex
2024/04/19 5.10c tkz-obj-eu-polygons.tex
) (C:\Users\Admin\AppData\Local\Programs\MiKTeX\tex/latex/tkz-euclide/obj\tkz-obj-eu-triangles.tex
2024/04/19 5.10c tkz-obj-eu-triangles.tex
) (C:\Users\Admin\AppData\Local\Programs\MiKTeX\tex/latex/tkz-euclide/drawings\tkz-draw-eu-lines.tex
2024/04/19 5.10c tkz-obj-eu-draw-lines.tex
) (C:\Users\Admin\AppData\Local\Programs\MiKTeX\tex/latex/tkz-euclide/drawings\tkz-draw-eu-circles.tex
2024/04/19 5.10c tkz-obj-eu-draw-circles.tex
) (C:\Users\Admin\AppData\Local\Programs\MiKTeX\tex/latex/tkz-euclide/drawings\tkz-draw-eu-ellipses.tex
2024/04/19 5.10c tkz-obj-eu-draw-ellipses.tex
) (C:\Users\Admin\AppData\Local\Programs\MiKTeX\tex/latex/tkz-euclide/drawings\tkz-draw-eu-polygons.tex
2024/04/19 5.10c tkz-obj-eu-polygons.tex
) (C:\Users\Admin\AppData\Local\Programs\MiKTeX\tex/latex/tkz-euclide/drawings\tkz-draw-eu-arcs.tex
2024/04/19 5.10c tkz-tool-eu-arcs.tex
) (C:\Users\Admin\AppData\Local\Programs\MiKTeX\tex/latex/tkz-euclide/drawings\tkz-draw-eu-angles.tex
2024/04/19 5.10c tkz-tool-eu-angles.tex
) (C:\Users\Admin\AppData\Local\Programs\MiKTeX\tex/latex/tkz-euclide/drawings\tkz-draw-eu-sectors.tex
2024/04/19 5.10c tkz-obj-eu-sectors.tex
) (C:\Users\Admin\AppData\Local\Programs\MiKTeX\tex/latex/tkz-euclide/drawings\tkz-draw-eu-compass.tex
2024/04/19 5.10c tkz-obj-eu-compass.tex
) (C:\Users\Admin\AppData\Local\Programs\MiKTeX\tex/latex/tkz-euclide/drawings\tkz-draw-eu-show.tex
2024/04/19 5.10c tkz-obj-eu-show.tex
) (C:\Users\Admin\AppData\Local\Programs\MiKTeX\tex/latex/tkz-euclide/drawings\tkz-draw-eu-protractor.tex
2024/04/19 5.10c tkz-obj-eu-protractor.tex
)) (C:\Users\Admin\AppData\Local\Programs\MiKTeX\tex/latex/pgfplots\pgfplots.sty (C:\Users\Admin\AppData\Local\Programs\MiKTeX\tex/generic/pgfplots\pgfplots.revision.tex)
Package: pgfplots 2021/05/15 v1.18.1 Data Visualization (1.18.1)
 (C:\Users\Admin\AppData\Local\Programs\MiKTeX\tex/generic/pgfplots\pgfplots.code.tex (C:\Users\Admin\AppData\Local\Programs\MiKTeX\tex/generic/pgfplots\pgfplotscore.code.tex
\t@pgfplots@toka=\toks58
\t@pgfplots@tokb=\toks59
\t@pgfplots@tokc=\toks60
\pgfplots@tmpa=\dimen447
\c@pgfplots@coordindex=\count457
\c@pgfplots@scanlineindex=\count458
 (C:\Users\Admin\AppData\Local\Programs\MiKTeX\tex/generic/pgfplots/sys\pgfplotssysgeneric.code.tex)) (C:\Users\Admin\AppData\Local\Programs\MiKTeX\tex/generic/pgfplots/libs\pgfplotslibrary.code.tex) (C:\Users\Admin\AppData\Local\Programs\MiKTeX\tex/generic/pgfplots/oldpgfcompatib\pgfplotsoldpgfsupp_loader.code.tex
Package pgfplots: loading complementary utilities for your pgf version...
\t@pgf@toka=\toks61
\t@pgf@tokb=\toks62
\t@pgf@tokc=\toks63
(C:\Users\Admin\AppData\Local\Programs\MiKTeX\tex/generic/pgfplots/oldpgfcompatib\pgfplotsoldpgfsupp_pgfutil-common-lists.tex)) (C:\Users\Admin\AppData\Local\Programs\MiKTeX\tex/generic/pgfplots/util\pgfplotsutil.code.tex (C:\Users\Admin\AppData\Local\Programs\MiKTeX\tex/generic/pgfplots/liststructure\pgfplotsliststructure.code.tex) (C:\Users\Admin\AppData\Local\Programs\MiKTeX\tex/generic/pgfplots/liststructure\pgfplotsliststructureext.code.tex) (C:\Users\Admin\AppData\Local\Programs\MiKTeX\tex/generic/pgfplots/liststructure\pgfplotsarray.code.tex
\c@pgfplotsarray@tmp=\count459
) (C:\Users\Admin\AppData\Local\Programs\MiKTeX\tex/generic/pgfplots/liststructure\pgfplotsmatrix.code.tex) (C:\Users\Admin\AppData\Local\Programs\MiKTeX\tex/generic/pgfplots/numtable\pgfplotstableshared.code.tex
\c@pgfplotstable@counta=\count460
\t@pgfplotstable@a=\toks64
) (C:\Users\Admin\AppData\Local\Programs\MiKTeX\tex/generic/pgfplots/liststructure\pgfplotsdeque.code.tex) (C:\Users\Admin\AppData\Local\Programs\MiKTeX\tex/generic/pgfplots/util\pgfplotsbinary.code.tex (C:\Users\Admin\AppData\Local\Programs\MiKTeX\tex/generic/pgfplots/util\pgfplotsbinary.data.code.tex)) (C:\Users\Admin\AppData\Local\Programs\MiKTeX\tex/generic/pgfplots/util\pgfplotsutil.verb.code.tex) (C:\Users\Admin\AppData\Local\Programs\MiKTeX\tex/generic/pgfplots/libs\pgflibrarypgfplots.surfshading.code.tex
\c@pgfplotslibrarysurf@no=\count461
 (C:\Users\Admin\AppData\Local\Programs\MiKTeX\tex/generic/pgfplots/sys\pgflibrarypgfplots.surfshading.pgfsys-pdftex.def))) (C:\Users\Admin\AppData\Local\Programs\MiKTeX\tex/generic/pgfplots/util\pgfplotscolormap.code.tex (C:\Users\Admin\AppData\Local\Programs\MiKTeX\tex/generic/pgfplots/util\pgfplotscolor.code.tex)) (C:\Users\Admin\AppData\Local\Programs\MiKTeX\tex/generic/pgfplots\pgfplotsstackedplots.code.tex) (C:\Users\Admin\AppData\Local\Programs\MiKTeX\tex/generic/pgfplots\pgfplotsplothandlers.code.tex (C:\Users\Admin\AppData\Local\Programs\MiKTeX\tex/generic/pgfplots\pgfplotsmeshplothandler.code.tex (C:\Users\Admin\AppData\Local\Programs\MiKTeX\tex/generic/pgfplots\pgfplotsmeshplotimage.code.tex))) (C:\Users\Admin\AppData\Local\Programs\MiKTeX\tex/generic/pgfplots\pgfplots.scaling.code.tex) (C:\Users\Admin\AppData\Local\Programs\MiKTeX\tex/generic/pgfplots\pgfplotscoordprocessing.code.tex) (C:\Users\Admin\AppData\Local\Programs\MiKTeX\tex/generic/pgfplots\pgfplots.errorbars.code.tex) (C:\Users\Admin\AppData\Local\Programs\MiKTeX\tex/generic/pgfplots\pgfplots.markers.code.tex) (C:\Users\Admin\AppData\Local\Programs\MiKTeX\tex/generic/pgfplots\pgfplotsticks.code.tex) (C:\Users\Admin\AppData\Local\Programs\MiKTeX\tex/generic/pgfplots\pgfplots.paths.code.tex) (C:\Users\Admin\AppData\Local\Programs\MiKTeX\tex/generic/pgfplots/libs\tikzlibrarypgfplots.contourlua.code.tex)
\pgfplots@numplots=\count462
\pgfplots@xmin@reg=\dimen448
\pgfplots@xmax@reg=\dimen449
\pgfplots@ymin@reg=\dimen450
\pgfplots@ymax@reg=\dimen451
\pgfplots@zmin@reg=\dimen452
\pgfplots@zmax@reg=\dimen453
)) (C:\Users\Admin\AppData\Local\Programs\MiKTeX\tex/generic/pgf/frontendlayer/tikz/libraries\tikzlibraryshapes.code.tex
File: tikzlibraryshapes.code.tex 2023-01-15 v3.1.10 (3.1.10)
 (C:\Users\Admin\AppData\Local\Programs\MiKTeX\tex/generic/pgf/frontendlayer/tikz/libraries\tikzlibraryshapes.geometric.code.tex
File: tikzlibraryshapes.geometric.code.tex 2023-01-15 v3.1.10 (3.1.10)
 (C:\Users\Admin\AppData\Local\Programs\MiKTeX\tex/generic/pgf/libraries/shapes\pgflibraryshapes.geometric.code.tex
File: pgflibraryshapes.geometric.code.tex 2023-01-15 v3.1.10 (3.1.10)
)) (C:\Users\Admin\AppData\Local\Programs\MiKTeX\tex/generic/pgf/frontendlayer/tikz/libraries\tikzlibraryshapes.symbols.code.tex
File: tikzlibraryshapes.symbols.code.tex 2023-01-15 v3.1.10 (3.1.10)
 (C:\Users\Admin\AppData\Local\Programs\MiKTeX\tex/generic/pgf/libraries/shapes\pgflibraryshapes.symbols.code.tex
File: pgflibraryshapes.symbols.code.tex 2023-01-15 v3.1.10 (3.1.10)
)) (C:\Users\Admin\AppData\Local\Programs\MiKTeX\tex/generic/pgf/frontendlayer/tikz/libraries\tikzlibraryshapes.arrows.code.tex
File: tikzlibraryshapes.arrows.code.tex 2023-01-15 v3.1.10 (3.1.10)
 (C:\Users\Admin\AppData\Local\Programs\MiKTeX\tex/generic/pgf/libraries/shapes\pgflibraryshapes.arrows.code.tex
File: pgflibraryshapes.arrows.code.tex 2023-01-15 v3.1.10 (3.1.10)
)) (C:\Users\Admin\AppData\Local\Programs\MiKTeX\tex/generic/pgf/frontendlayer/tikz/libraries\tikzlibraryshapes.callouts.code.tex (C:\Users\Admin\AppData\Local\Programs\MiKTeX\tex/generic/pgf/libraries/shapes\pgflibraryshapes.callouts.code.tex)) (C:\Users\Admin\AppData\Local\Programs\MiKTeX\tex/generic/pgf/frontendlayer/tikz/libraries\tikzlibraryshapes.multipart.code.tex
File: tikzlibraryshapes.multipart.code.tex 2023-01-15 v3.1.10 (3.1.10)
 (C:\Users\Admin\AppData\Local\Programs\MiKTeX\tex/generic/pgf/libraries/shapes\pgflibraryshapes.multipart.code.tex
File: pgflibraryshapes.multipart.code.tex 2023-01-15 v3.1.10 (3.1.10)
\pgfnodepartlowerbox=\box151
\pgfnodeparttwobox=\box152
\pgfnodepartthreebox=\box153
\pgfnodepartfourbox=\box154
\pgfnodeparttwentybox=\box155
\pgfnodepartnineteenbox=\box156
\pgfnodeparteighteenbox=\box157
\pgfnodepartseventeenbox=\box158
\pgfnodepartsixteenbox=\box159
\pgfnodepartfifteenbox=\box160
\pgfnodepartfourteenbox=\box161
\pgfnodepartthirteenbox=\box162
\pgfnodeparttwelvebox=\box163
\pgfnodepartelevenbox=\box164
\pgfnodeparttenbox=\box165
\pgfnodepartninebox=\box166
\pgfnodeparteightbox=\box167
\pgfnodepartsevenbox=\box168
\pgfnodepartsixbox=\box169
\pgfnodepartfivebox=\box170
))) (C:\Users\Admin\AppData\Local\Programs\MiKTeX\tex/generic/pgfplots/libs\tikzlibrarypgfplots.fillbetween.code.tex (C:\Users\Admin\AppData\Local\Programs\MiKTeX\tex/generic/pgfplots/pgfcontrib\tikzlibraryfillbetween.code.tex (C:\Users\Admin\AppData\Local\Programs\MiKTeX\tex/generic/pgfplots/pgfcontrib\tikzlibrarydecorations.softclip.code.tex (C:\Users\Admin\AppData\Local\Programs\MiKTeX\tex/generic/pgfplots/pgfcontrib\pgflibraryfillbetween.code.tex))) (C:\Users\Admin\AppData\Local\Programs\MiKTeX\tex/generic/pgfplots/libs\tikzlibrarypgfplots.decorations.softclip.code.tex)) (C:\Users\Admin\AppData\Local\Programs\MiKTeX\tex/generic/pgfplots/libs\tikzlibrarypgfplots.statistics.code.tex) (../styles/macros.tex
\c@stelling=\count463
) (../styles/statistics_macros.tex) (C:\Users\Admin\AppData\Local\Programs\MiKTeX\tex/latex/csquotes\csquotes.sty
Package: csquotes 2024-04-04 v5.2o context-sensitive quotations (JAW)
\csq@reset=\count464
\csq@gtype=\count465
\csq@glevel=\count466
\csq@qlevel=\count467
\csq@maxlvl=\count468
\csq@tshold=\count469
\csq@ltx@everypar=\toks65
 (C:\Users\Admin\AppData\Local\Programs\MiKTeX\tex/latex/csquotes\csquotes.def
File: csquotes.def 2024-04-04 v5.2o csquotes generic definitions (JAW)
)
Package csquotes Info: Trying to load configuration file 'csquotes.cfg'...
Package csquotes Info: ... configuration file loaded successfully.
 (C:\Users\Admin\AppData\Local\Programs\MiKTeX\tex/latex/csquotes\csquotes.cfg
File: csquotes.cfg 
))) (../styles/tikz_config.tex (C:\Users\Admin\AppData\Local\Programs\MiKTeX\tex/generic/pgf/frontendlayer/tikz/libraries\tikzlibrarybending.code.tex
File: tikzlibrarybending.code.tex 2023-01-15 v3.1.10 (3.1.10)
 (C:\Users\Admin\AppData\Local\Programs\MiKTeX\tex/generic/pgf/modules\pgfmodulebending.code.tex
File: pgfmodulebending.code.tex 2023-01-15 v3.1.10 (3.1.10)
 (C:\Users\Admin\AppData\Local\Programs\MiKTeX\tex/generic/pgf/modules\pgfmodulenonlineartransformations.code.tex
File: pgfmodulenonlineartransformations.code.tex 2023-01-15 v3.1.10 (3.1.10)
\pgftransformnonlinearflatness=\dimen454
) (C:\Users\Admin\AppData\Local\Programs\MiKTeX\tex/generic/pgf/libraries\pgflibrarycurvilinear.code.tex
File: pgflibrarycurvilinear.code.tex 2023-01-15 v3.1.10 (3.1.10)
\pgf@curvilinear@time@a=\dimen455
\pgf@curvilinear@length@a=\dimen456
\pgf@curvilinear@length@b=\dimen457
\pgf@curvilinear@length@c=\dimen458
\pgf@curvilinear@length@d=\dimen459
)
\pgf@arrows@the@rigidity=\dimen460
)) (C:\Users\Admin\AppData\Local\Programs\MiKTeX\tex/generic/pgf/frontendlayer/tikz/libraries\tikzlibrarypatterns.code.tex
File: tikzlibrarypatterns.code.tex 2023-01-15 v3.1.10 (3.1.10)
 (C:\Users\Admin\AppData\Local\Programs\MiKTeX\tex/generic/pgf/libraries\pgflibrarypatterns.code.tex
File: pgflibrarypatterns.code.tex 2023-01-15 v3.1.10 (3.1.10)
))) (enabled_lectures.tex (../colleges/college_1_P&S.tex
Package csquotes Info: Checking for multilingual support...
Package csquotes Info: ... found 'babel' package.
Package csquotes Info: Adjusting default style.
Package csquotes Info: Redefining alias 'default' -> 'dutch'.
LaTeX Font Info:    Trying to load font information for T1+lmss on input line 6.
 (C:\Users\Admin\AppData\Local\Programs\MiKTeX\tex/latex/lm\t1lmss.fd
File: t1lmss.fd 2015/05/01 v1.6.1 Font defs for Latin Modern
) (main.aux
Package babel Info: 'dutch' activates 'dutch' shorthands.
(babel)             Reported on input line 10.
)
\openout1 = `main.aux'.

LaTeX Font Info:    Checking defaults for OML/cmm/m/it on input line 6.
LaTeX Font Info:    ... okay on input line 6.
LaTeX Font Info:    Checking defaults for OMS/cmsy/m/n on input line 6.
LaTeX Font Info:    ... okay on input line 6.
LaTeX Font Info:    Checking defaults for OT1/cmr/m/n on input line 6.
LaTeX Font Info:    ... okay on input line 6.
LaTeX Font Info:    Checking defaults for T1/cmr/m/n on input line 6.
LaTeX Font Info:    ... okay on input line 6.
LaTeX Font Info:    Checking defaults for TS1/cmr/m/n on input line 6.
LaTeX Font Info:    ... okay on input line 6.
LaTeX Font Info:    Checking defaults for OMX/cmex/m/n on input line 6.
LaTeX Font Info:    ... okay on input line 6.
LaTeX Font Info:    Checking defaults for U/cmr/m/n on input line 6.
LaTeX Font Info:    ... okay on input line 6.
LaTeX Font Info:    Checking defaults for PD1/pdf/m/n on input line 6.
LaTeX Font Info:    ... okay on input line 6.
LaTeX Font Info:    Checking defaults for PU/pdf/m/n on input line 6.
LaTeX Font Info:    ... okay on input line 6.

*geometry* driver: auto-detecting
*geometry* detected driver: pdftex
*geometry* verbose mode - [ preamble ] result:
* driver: pdftex
* paper: custom
* layout: <same size as paper>
* layoutoffset:(h,v)=(0.0pt,0.0pt)
* modes: includehead includefoot 
* h-part:(L,W,R)=(10.95003pt, 342.2953pt, 10.95003pt)
* v-part:(T,H,B)=(0.0pt, 273.14662pt, 0.0pt)
* \paperwidth=364.19536pt
* \paperheight=273.14662pt
* \textwidth=342.2953pt
* \textheight=244.6939pt
* \oddsidemargin=-61.31996pt
* \evensidemargin=-61.31996pt
* \topmargin=-72.26999pt
* \headheight=14.22636pt
* \headsep=0.0pt
* \topskip=11.0pt
* \footskip=14.22636pt
* \marginparwidth=4.0pt
* \marginparsep=10.0pt
* \columnsep=10.0pt
* \skip\footins=10.0pt plus 4.0pt minus 2.0pt
* \hoffset=0.0pt
* \voffset=0.0pt
* \mag=1000
* \@twocolumnfalse
* \@twosidefalse
* \@mparswitchfalse
* \@reversemarginfalse
* (1in=72.27pt=25.4mm, 1cm=28.453pt)

(C:\Users\Admin\AppData\Local\Programs\MiKTeX\tex/context/base/mkii\supp-pdf.mkii
[Loading MPS to PDF converter (version 2006.09.02).]
\scratchcounter=\count470
\scratchdimen=\dimen461
\scratchbox=\box171
\nofMPsegments=\count471
\nofMParguments=\count472
\everyMPshowfont=\toks66
\MPscratchCnt=\count473
\MPscratchDim=\dimen462
\MPnumerator=\count474
\makeMPintoPDFobject=\count475
\everyMPtoPDFconversion=\toks67
) (C:\Users\Admin\AppData\Local\Programs\MiKTeX\tex/latex/epstopdf-pkg\epstopdf-base.sty
Package: epstopdf-base 2020-01-24 v2.11 Base part for package epstopdf
Package epstopdf-base Info: Redefining graphics rule for `.eps' on input line 485.
 (C:\Users\Admin\AppData\Local\Programs\MiKTeX\tex/latex/00miktex\epstopdf-sys.cfg
File: epstopdf-sys.cfg 2021/03/18 v2.0 Configuration of epstopdf for MiKTeX
))
Package hyperref Info: Link coloring OFF on input line 6.
 (main.out) (main.out)
\@outlinefile=\write5
\openout5 = `main.out'.

LaTeX Font Info:    Overwriting symbol font `operators' in version `normal'
(Font)                  OT1/lmr/m/n --> OT1/cmss/m/n on input line 6.
LaTeX Font Info:    Overwriting symbol font `operators' in version `bold'
(Font)                  OT1/lmr/bx/n --> OT1/cmss/b/n on input line 6.
LaTeX Font Info:    Overwriting symbol font `operators' in version `normal'
(Font)                  OT1/cmss/m/n --> OT1/lmss/m/n on input line 6.
LaTeX Font Info:    Overwriting symbol font `operators' in version `bold'
(Font)                  OT1/cmss/b/n --> OT1/lmss/b/n on input line 6.
\symnumbers=\mathgroup11
LaTeX Font Info:    Redeclaring symbol font `pureletters' on input line 6.
LaTeX Font Info:    Encoding `OT1' has changed to `T1' for symbol font
(Font)              `pureletters' in the math version `normal' on input line 6.
LaTeX Font Info:    Overwriting symbol font `pureletters' in version `normal'
(Font)                  OT1/mathkerncmss/m/sl --> T1/lmss/m/it on input line 6.
LaTeX Font Info:    Encoding `OT1' has changed to `T1' for symbol font
(Font)              `pureletters' in the math version `bold' on input line 6.
LaTeX Font Info:    Overwriting symbol font `pureletters' in version `bold'
(Font)                  OT1/mathkerncmss/bx/sl --> T1/lmss/m/it on input line 6.
LaTeX Font Info:    Overwriting math alphabet `\mathrm' in version `normal'
(Font)                  OT1/lmss/m/n --> T1/lmr/m/n on input line 6.
LaTeX Font Info:    Redeclaring math alphabet \mathbf on input line 6.
LaTeX Font Info:    Redeclaring math alphabet \mathsf on input line 6.
LaTeX Font Info:    Overwriting math alphabet `\mathsf' in version `normal'
(Font)                  OT1/lmss/m/n --> T1/lmss/m/n on input line 6.
LaTeX Font Info:    Overwriting math alphabet `\mathsf' in version `bold'
(Font)                  OT1/lmss/bx/n --> T1/lmss/m/n on input line 6.
LaTeX Font Info:    Redeclaring math alphabet \mathit on input line 6.
LaTeX Font Info:    Overwriting math alphabet `\mathit' in version `normal'
(Font)                  OT1/lmr/m/it --> T1/lmss/m/it on input line 6.
LaTeX Font Info:    Overwriting math alphabet `\mathit' in version `bold'
(Font)                  OT1/lmr/bx/it --> T1/lmss/m/it on input line 6.
LaTeX Font Info:    Redeclaring math alphabet \mathtt on input line 6.
LaTeX Font Info:    Overwriting math alphabet `\mathtt' in version `normal'
(Font)                  OT1/lmtt/m/n --> T1/lmtt/m/n on input line 6.
LaTeX Font Info:    Overwriting math alphabet `\mathtt' in version `bold'
(Font)                  OT1/lmtt/m/n --> T1/lmtt/m/n on input line 6.
LaTeX Font Info:    Overwriting symbol font `numbers' in version `bold'
(Font)                  T1/lmss/m/n --> T1/lmss/b/n on input line 6.
LaTeX Font Info:    Overwriting symbol font `pureletters' in version `bold'
(Font)                  T1/lmss/m/it --> T1/lmss/b/it on input line 6.
LaTeX Font Info:    Overwriting math alphabet `\mathrm' in version `bold'
(Font)                  OT1/lmss/b/n --> T1/lmr/b/n on input line 6.
LaTeX Font Info:    Overwriting math alphabet `\mathbf' in version `bold'
(Font)                  T1/lmss/b/n --> T1/lmss/b/n on input line 6.
LaTeX Font Info:    Overwriting math alphabet `\mathsf' in version `bold'
(Font)                  T1/lmss/m/n --> T1/lmss/b/n on input line 6.
LaTeX Font Info:    Overwriting math alphabet `\mathit' in version `bold'
(Font)                  T1/lmss/m/it --> T1/lmss/b/it on input line 6.
LaTeX Font Info:    Overwriting math alphabet `\mathtt' in version `bold'
(Font)                  T1/lmtt/m/n --> T1/lmtt/b/n on input line 6.
LaTeX Font Info:    Redeclaring symbol font `boldpureletters' on input line 6.
LaTeX Font Info:    Encoding `OT1' has changed to `T1' for symbol font
(Font)              `boldpureletters' in the math version `normal' on input line 6.
LaTeX Font Info:    Overwriting symbol font `boldpureletters' in version `normal'
(Font)                  OT1/mathkerncmss/bx/sl --> T1/lmss/bx/it on input line 6.
LaTeX Font Info:    Encoding `OT1' has changed to `T1' for symbol font
(Font)              `boldpureletters' in the math version `bold' on input line 6.
LaTeX Font Info:    Overwriting symbol font `boldpureletters' in version `bold'
(Font)                  OT1/mathkerncmss/bx/sl --> T1/lmss/bx/it on input line 6.
 (C:\Users\Admin\AppData\Local\Programs\MiKTeX\tex/latex/translator\translator-basic-dictionary-English.dict
Dictionary: translator-basic-dictionary, Language: English 
) (C:\Users\Admin\AppData\Local\Programs\MiKTeX\tex/latex/translator\translator-bibliography-dictionary-English.dict
Dictionary: translator-bibliography-dictionary, Language: English 
) (C:\Users\Admin\AppData\Local\Programs\MiKTeX\tex/latex/translator\translator-environment-dictionary-English.dict
Dictionary: translator-environment-dictionary, Language: English 
) (C:\Users\Admin\AppData\Local\Programs\MiKTeX\tex/latex/translator\translator-months-dictionary-English.dict
Dictionary: translator-months-dictionary, Language: English 
) (C:\Users\Admin\AppData\Local\Programs\MiKTeX\tex/latex/translator\translator-numbers-dictionary-English.dict
Dictionary: translator-numbers-dictionary, Language: English 
) (C:\Users\Admin\AppData\Local\Programs\MiKTeX\tex/latex/translator\translator-theorem-dictionary-English.dict
Dictionary: translator-theorem-dictionary, Language: English 
)
Package microtype Info: Patching varwidth to enable character protrusion.
\MT@vwid@leftmargin=\dimen463
\MT@vwid@rightmargin=\dimen464
LaTeX Info: Redefining \microtypecontext on input line 6.
Package microtype Info: Applying patch `item' on input line 6.
Package microtype Info: Applying patch `toc' on input line 6.
Package microtype Info: Applying patch `eqnum' on input line 6.
Package microtype Info: Applying patch `footnote' on input line 6.
Package microtype Info: Applying patch `verbatim' on input line 6.
LaTeX Info: Redefining \microtypesetup on input line 6.
Package microtype Info: Generating PDF output.
Package microtype Info: Character protrusion enabled (level 2).
Package microtype Info: Using default protrusion set `alltext'.
Package microtype Info: Automatic font expansion enabled (level 2),
(microtype)             stretch: 20, shrink: 20, step: 1, non-selected.
Package microtype Info: Using default expansion set `alltext-nott'.
Package microtype Info: Patching command `\showhyphens'.
Package microtype Info: No adjustment of tracking.
Package microtype Info: No adjustment of interword spacing.
Package microtype Info: No adjustment of character kerning.
Package microtype Info: Loading generic protrusion settings for font family
(microtype)             `lmss' (encoding: T1).
(microtype)             For optimal results, create family-specific settings.
(microtype)             See the microtype manual for details.
\c@lstlisting=\count476
 (C:\Users\Admin\AppData\Local\Programs\MiKTeX\tex/latex/translations/dicts\translations-basic-dictionary-dutch.trsl
File: translations-basic-dictionary-dutch.trsl (dutch translation file `translations-basic-dictionary')
)
Package translations Info: loading dictionary `translations-basic-dictionary' for `dutch'. on input line 6.
\c__nicematrix_shift_Ldots_last_row_dim=\dimen465
\c__nicematrix_innersep_middle_dim=\dimen466

Package pgfplots notification 'compat/show suggested version=true': document has been generated with the most recent feature set (\pgfplotsset{compat=1.18}).

(main.nav)

[1

{C:/Users/Admin/AppData/Local/MiKTeX/fonts/map/pdftex/pdftex.map}{C:/Users/Admin/AppData/Local/Programs/MiKTeX/fonts/enc/dvips/lm/lm-ec.enc}]
LaTeX Font Info:    Trying to load font information for T1+lmtt on input line 32.
 (C:\Users\Admin\AppData\Local\Programs\MiKTeX\tex/latex/lm\t1lmtt.fd
File: t1lmtt.fd 2015/05/01 v1.6.1 Font defs for Latin Modern
)
Package microtype Info: Loading generic protrusion settings for font family
(microtype)             `lmtt' (encoding: T1).
(microtype)             For optimal results, create family-specific settings.
(microtype)             See the microtype manual for details.
LaTeX Font Info:    Trying to load font information for OT1+lmss on input line 32.
 (C:\Users\Admin\AppData\Local\Programs\MiKTeX\tex/latex/lm\ot1lmss.fd
File: ot1lmss.fd 2015/05/01 v1.6.1 Font defs for Latin Modern
)
Package microtype Info: Loading generic protrusion settings for font family
(microtype)             `lmss' (encoding: OT1).
(microtype)             For optimal results, create family-specific settings.
(microtype)             See the microtype manual for details.
LaTeX Font Info:    Trying to load font information for OML+lmm on input line 32.
 (C:\Users\Admin\AppData\Local\Programs\MiKTeX\tex/latex/lm\omllmm.fd
File: omllmm.fd 2015/05/01 v1.6.1 Font defs for Latin Modern
)
LaTeX Font Info:    Trying to load font information for OMS+lmsy on input line 32.
 (C:\Users\Admin\AppData\Local\Programs\MiKTeX\tex/latex/lm\omslmsy.fd
File: omslmsy.fd 2015/05/01 v1.6.1 Font defs for Latin Modern
)
LaTeX Font Info:    Trying to load font information for OMX+lmex on input line 32.
 (C:\Users\Admin\AppData\Local\Programs\MiKTeX\tex/latex/lm\omxlmex.fd
File: omxlmex.fd 2015/05/01 v1.6.1 Font defs for Latin Modern
)
LaTeX Font Info:    External font `lmex10' loaded for size
(Font)              <10.95> on input line 32.
LaTeX Font Info:    External font `lmex10' loaded for size
(Font)              <8> on input line 32.
LaTeX Font Info:    External font `lmex10' loaded for size
(Font)              <6> on input line 32.
LaTeX Font Info:    Trying to load font information for U+msa on input line 32.
 (C:\Users\Admin\AppData\Local\Programs\MiKTeX\tex/latex/amsfonts\umsa.fd
File: umsa.fd 2013/01/14 v3.01 AMS symbols A
) (C:\Users\Admin\AppData\Local\Programs\MiKTeX\tex/latex/microtype\mt-msa.cfg
File: mt-msa.cfg 2006/02/04 v1.1 microtype config. file: AMS symbols (a) (RS)
)
LaTeX Font Info:    Trying to load font information for U+msb on input line 32.
 (C:\Users\Admin\AppData\Local\Programs\MiKTeX\tex/latex/amsfonts\umsb.fd
File: umsb.fd 2013/01/14 v3.01 AMS symbols B
) (C:\Users\Admin\AppData\Local\Programs\MiKTeX\tex/latex/microtype\mt-msb.cfg
File: mt-msb.cfg 2005/06/01 v1.0 microtype config. file: AMS symbols (b) (RS)
)
LaTeX Font Info:    Font shape `T1/lmss/m/it' in size <10.95> not available
(Font)              Font shape `T1/lmss/m/sl' tried instead on input line 32.
LaTeX Font Info:    Font shape `T1/lmss/m/it' in size <8> not available
(Font)              Font shape `T1/lmss/m/sl' tried instead on input line 32.
LaTeX Font Info:    Font shape `T1/lmss/m/it' in size <6> not available
(Font)              Font shape `T1/lmss/m/sl' tried instead on input line 32.
LaTeX Font Info:    Trying to load font information for OT1+lmr on input line 32.
 (C:\Users\Admin\AppData\Local\Programs\MiKTeX\tex/latex/lm\ot1lmr.fd
File: ot1lmr.fd 2015/05/01 v1.6.1 Font defs for Latin Modern
) (C:\Users\Admin\AppData\Local\Programs\MiKTeX\tex/latex/microtype\mt-cmr.cfg
File: mt-cmr.cfg 2013/05/19 v2.2 microtype config. file: Computer Modern Roman (RS)
)
LaTeX Font Info:    Font shape `T1/lmss/bx/it' in size <10.95> not available
(Font)              Font shape `T1/lmss/bx/sl' tried instead on input line 32.
LaTeX Font Info:    Font shape `T1/lmss/bx/it' in size <8> not available
(Font)              Font shape `T1/lmss/bx/sl' tried instead on input line 32.
LaTeX Font Info:    Font shape `T1/lmss/bx/it' in size <6> not available
(Font)              Font shape `T1/lmss/bx/sl' tried instead on input line 32.
<../figures/1_danny_blom.jpg, id=33, 455.301pt x 569.0058pt>
File: ../figures/1_danny_blom.jpg Graphic file (type jpg)
<use ../figures/1_danny_blom.jpg>
Package pdftex.def Info: ../figures/1_danny_blom.jpg  used on input line 32.
(pdftex.def)             Requested size: 85.57382pt x 106.94011pt.


[2

 <../figures/1_danny_blom.jpg>]

[3

{C:/Users/Admin/AppData/Local/Programs/MiKTeX/fonts/enc/dvips/lm/lm-rm.enc}]

[4

]
LaTeX Font Info:    Font shape `T1/lmss/m/it' in size <10> not available
(Font)              Font shape `T1/lmss/m/sl' tried instead on input line 85.


[5

]

[6

]
<../tikz/1_example_circuit.pdf, id=84, page=1, 231.36438pt x 117.45682pt>
File: ../tikz/1_example_circuit.pdf Graphic file (type pdf)
<use ../tikz/1_example_circuit.pdf, page 1>
Package pdftex.def Info: ../tikz/1_example_circuit.pdf , page1 used on input line 113.
(pdftex.def)             Requested size: 171.14764pt x 86.888pt.


[7

 <../tikz/1_example_circuit.pdf>]
File: ../tikz/1_example_circuit.pdf Graphic file (type pdf)
<use ../tikz/1_example_circuit.pdf, page 1>
Package pdftex.def Info: ../tikz/1_example_circuit.pdf , page1 used on input line 113.
(pdftex.def)             Requested size: 171.14764pt x 86.888pt.


[8

]
<../tikz/1_example_circuit.pdf, id=109, page=2, 231.36438pt x 146.79843pt>
File: ../tikz/1_example_circuit.pdf Graphic file (type pdf)
<use ../tikz/1_example_circuit.pdf, page 2>
Package pdftex.def Info: ../tikz/1_example_circuit.pdf , page2 used on input line 124.
(pdftex.def)             Requested size: 171.14764pt x 108.59329pt.


[9

{C:/Users/Admin/AppData/Local/Programs/MiKTeX/fonts/enc/dvips/lm/lm-mathit.enc} <../tikz/1_example_circuit.pdf>]
File: ../tikz/1_example_circuit.pdf Graphic file (type pdf)
<use ../tikz/1_example_circuit.pdf, page 2>
Package pdftex.def Info: ../tikz/1_example_circuit.pdf , page2 used on input line 133.
(pdftex.def)             Requested size: 171.14764pt x 108.59329pt.


[10

]

[11

]
<../tikz/1_rolling_dice.pdf, id=155, page=1, 213.79573pt x 213.79573pt>
File: ../tikz/1_rolling_dice.pdf Graphic file (type pdf)
<use ../tikz/1_rolling_dice.pdf, page 1>
Package pdftex.def Info: ../tikz/1_rolling_dice.pdf , page1 used on input line 175.
(pdftex.def)             Requested size: 171.14764pt x 171.15752pt.


[12

 <../tikz/1_rolling_dice.pdf>]
<../tikz/1_rolling_dice.pdf, id=164, page=2, 213.93425pt x 213.93425pt>
File: ../tikz/1_rolling_dice.pdf Graphic file (type pdf)
<use ../tikz/1_rolling_dice.pdf, page 2>
Package pdftex.def Info: ../tikz/1_rolling_dice.pdf , page2 used on input line 175.
(pdftex.def)             Requested size: 171.14764pt x 171.15414pt.


[13

 <../tikz/1_rolling_dice.pdf>]
<../tikz/1_rolling_dice.pdf, id=200, page=3, 213.93425pt x 213.93425pt>
File: ../tikz/1_rolling_dice.pdf Graphic file (type pdf)
<use ../tikz/1_rolling_dice.pdf, page 3>
Package pdftex.def Info: ../tikz/1_rolling_dice.pdf , page3 used on input line 175.
(pdftex.def)             Requested size: 171.14764pt x 171.15414pt.


[14

 <../tikz/1_rolling_dice.pdf>]
<../tikz/1_rolling_dice.pdf, id=229, page=4, 213.93425pt x 213.93425pt>
File: ../tikz/1_rolling_dice.pdf Graphic file (type pdf)
<use ../tikz/1_rolling_dice.pdf, page 4>
Package pdftex.def Info: ../tikz/1_rolling_dice.pdf , page4 used on input line 175.
(pdftex.def)             Requested size: 171.14764pt x 171.15414pt.


[15

 <../tikz/1_rolling_dice.pdf>]

[16

]

[17

{C:/Users/Admin/AppData/Local/Programs/MiKTeX/fonts/enc/dvips/lm/lm-mathsy.enc}]
<../tikz/venn_diagrams.pdf, id=279, page=1, 384.91203pt x 224.86508pt>
File: ../tikz/venn_diagrams.pdf Graphic file (type pdf)
<use ../tikz/venn_diagrams.pdf, page 1>
Package pdftex.def Info: ../tikz/venn_diagrams.pdf , page1 used on input line 232.
(pdftex.def)             Requested size: 256.72147pt x 149.97601pt.


[18

 <../tikz/venn_diagrams.pdf>]
<../tikz/venn_diagrams.pdf, id=295, page=2, 384.91203pt x 224.86508pt>
File: ../tikz/venn_diagrams.pdf Graphic file (type pdf)
<use ../tikz/venn_diagrams.pdf, page 2>
Package pdftex.def Info: ../tikz/venn_diagrams.pdf , page2 used on input line 232.
(pdftex.def)             Requested size: 256.72147pt x 149.97601pt.


[19

 <../tikz/venn_diagrams.pdf>]
<../tikz/venn_diagrams.pdf, id=310, page=3, 384.91203pt x 224.86508pt>
File: ../tikz/venn_diagrams.pdf Graphic file (type pdf)
<use ../tikz/venn_diagrams.pdf, page 3>
Package pdftex.def Info: ../tikz/venn_diagrams.pdf , page3 used on input line 232.
(pdftex.def)             Requested size: 256.72147pt x 149.97601pt.


[20

 <../tikz/venn_diagrams.pdf>]
<../tikz/venn_diagrams.pdf, id=336, page=4, 384.91203pt x 224.86508pt>
File: ../tikz/venn_diagrams.pdf Graphic file (type pdf)
<use ../tikz/venn_diagrams.pdf, page 4>
Package pdftex.def Info: ../tikz/venn_diagrams.pdf , page4 used on input line 232.
(pdftex.def)             Requested size: 256.72147pt x 149.97601pt.


[21

 <../tikz/venn_diagrams.pdf>]
<../tikz/venn_diagrams.pdf, id=358, page=5, 384.91203pt x 224.86508pt>
File: ../tikz/venn_diagrams.pdf Graphic file (type pdf)
<use ../tikz/venn_diagrams.pdf, page 5>
Package pdftex.def Info: ../tikz/venn_diagrams.pdf , page5 used on input line 232.
(pdftex.def)             Requested size: 256.72147pt x 149.97601pt.


[22

 <../tikz/venn_diagrams.pdf>]

[23

]

[24

]

[25

]

[26

]

[27

]
<../tikz/1_example_events.pdf, id=425, 342.23259pt x 214.19524pt>
File: ../tikz/1_example_events.pdf Graphic file (type pdf)
<use ../tikz/1_example_events.pdf>
Package pdftex.def Info: ../tikz/1_example_events.pdf  used on input line 327.
(pdftex.def)             Requested size: 239.56117pt x 149.93562pt.


[28

 <../tikz/1_example_events.pdf>]

[29

]

[30

]

[31

]

[32

]
<../tikz/1_cuas_system.pdf, id=471, page=1, 352.58226pt x 172.14714pt>
File: ../tikz/1_cuas_system.pdf Graphic file (type pdf)
<use ../tikz/1_cuas_system.pdf, page 1>
Package pdftex.def Info: ../tikz/1_cuas_system.pdf , page1 used on input line 344.
(pdftex.def)             Requested size: 308.06367pt x 150.41821pt.


[33

 <../tikz/1_cuas_system.pdf>]

[34

]
<../tikz/1_cuas_system.pdf, id=503, page=2, 482.18744pt x 172.14714pt>
File: ../tikz/1_cuas_system.pdf Graphic file (type pdf)
<use ../tikz/1_cuas_system.pdf, page 2>
Package pdftex.def Info: ../tikz/1_cuas_system.pdf , page2 used on input line 372.
(pdftex.def)             Requested size: 342.2953pt x 122.20955pt.


[35

 <../tikz/1_cuas_system.pdf>]

[36

]

[37

]
<../tikz/1_cuas_system.pdf, id=541, page=3, 482.18744pt x 172.14714pt>
File: ../tikz/1_cuas_system.pdf Graphic file (type pdf)
<use ../tikz/1_cuas_system.pdf, page 3>
Package pdftex.def Info: ../tikz/1_cuas_system.pdf , page3 used on input line 397.
(pdftex.def)             Requested size: 239.60567pt x 85.54274pt.


[38

 <../tikz/1_cuas_system.pdf>]
<../tikz/1_cuas_system.pdf, id=562, page=4, 482.18744pt x 172.14714pt>
File: ../tikz/1_cuas_system.pdf Graphic file (type pdf)
<use ../tikz/1_cuas_system.pdf, page 4>
Package pdftex.def Info: ../tikz/1_cuas_system.pdf , page4 used on input line 397.
(pdftex.def)             Requested size: 239.60567pt x 85.54274pt.


[39

 <../tikz/1_cuas_system.pdf>]
File: ../tikz/1_cuas_system.pdf Graphic file (type pdf)
<use ../tikz/1_cuas_system.pdf, page 4>
Package pdftex.def Info: ../tikz/1_cuas_system.pdf , page4 used on input line 397.
(pdftex.def)             Requested size: 239.60567pt x 85.54274pt.


[40

]

[41

]

[42

]

[43

]
File: ../tikz/1_example_circuit.pdf Graphic file (type pdf)
<use ../tikz/1_example_circuit.pdf, page 2>
Package pdftex.def Info: ../tikz/1_example_circuit.pdf , page2 used on input line 448.
(pdftex.def)             Requested size: 171.14764pt x 108.59329pt.


[44

]

[45

]

[46

]

[47

]

[48

]
File: ../tikz/1_cuas_system.pdf Graphic file (type pdf)
<use ../tikz/1_cuas_system.pdf, page 1>
Package pdftex.def Info: ../tikz/1_cuas_system.pdf , page1 used on input line 491.
(pdftex.def)             Requested size: 222.48985pt x 108.62924pt.


[49

]

[50

]

[51

]

[52

]

[53

]

[54

]

[55

]

[56

]

[57

]

[58

]
LaTeX Font Info:    External font `lmex10' loaded for size
(Font)              <10> on input line 593.
LaTeX Font Info:    External font `lmex10' loaded for size
(Font)              <7> on input line 593.
LaTeX Font Info:    External font `lmex10' loaded for size
(Font)              <5> on input line 593.
LaTeX Font Info:    Font shape `T1/lmss/m/it' in size <7> not available
(Font)              Font shape `T1/lmss/m/sl' tried instead on input line 593.
LaTeX Font Info:    Font shape `T1/lmss/m/it' in size <5> not available
(Font)              Font shape `T1/lmss/m/sl' tried instead on input line 593.
LaTeX Font Info:    Font shape `T1/lmss/bx/it' in size <10> not available
(Font)              Font shape `T1/lmss/bx/sl' tried instead on input line 593.
LaTeX Font Info:    Font shape `T1/lmss/bx/it' in size <7> not available
(Font)              Font shape `T1/lmss/bx/sl' tried instead on input line 593.
LaTeX Font Info:    Font shape `T1/lmss/bx/it' in size <5> not available
(Font)              Font shape `T1/lmss/bx/sl' tried instead on input line 593.


[59

]

[60

{C:/Users/Admin/AppData/Local/Programs/MiKTeX/fonts/enc/dvips/lm/lm-mathex.enc}]

[61

]

[62

]

[63

]
<../figures/1_drowning_statistician.png, id=793, 1027.84pt x 416.55624pt>
File: ../figures/1_drowning_statistician.png Graphic file (type png)
<use ../figures/1_drowning_statistician.png>
Package pdftex.def Info: ../figures/1_drowning_statistician.png  used on input line 651.
(pdftex.def)             Requested size: 342.2953pt x 138.72249pt.
LaTeX Font Info:    External font `lmex10' loaded for size
(Font)              <12> on input line 651.
LaTeX Font Info:    Font shape `T1/lmss/m/it' in size <12> not available
(Font)              Font shape `T1/lmss/m/sl' tried instead on input line 651.
LaTeX Font Info:    Font shape `T1/lmss/bx/it' in size <12> not available
(Font)              Font shape `T1/lmss/bx/sl' tried instead on input line 651.


[64

 <../figures/1_drowning_statistician.png>]

[65

]

[66

]

[67

]

[68

]

[69

]

[70

]

[71

]

[72

]

[73

]

[74

]

[75

]

[76

]

[77

]

[78

]

[79

]

[80

]

[81

]

[82

]

[83

]

[84

]

[85

]

[86

]

[87

]

[88

]

[89

]

[90

]

[91

]

[92

]

[93

]

[94

]
Overfull \hbox (1.64087pt too wide) detected at line 803
\T1/lmss/m/sl/10.95 P\OT1/lmss/m/n/10.95 (\T1/lmss/m/n/10.95 2 \OMS/lmsy/m/n/10.95 ^^T \T1/lmss/m/sl/10.95 X \OMS/lmsy/m/n/10.95 ^^T \T1/lmss/m/n/10.95 6\OT1/lmss/m/n/10.95 ) = \T1/lmss/m/sl/10.95 P\OT1/lmss/m/n/10.95 (\T1/lmss/m/sl/10.95 X \OMS/lmsy/m/n/10.95 ^^T \T1/lmss/m/n/10.95 6\OT1/lmss/m/n/10.95 ) \OMS/lmsy/m/n/10.95 ^^@ \T1/lmss/m/sl/10.95 P\OT1/lmss/m/n/10.95 (\T1/lmss/m/sl/10.95 X \OMS/lmsy/m/n/10.95 ^^T \T1/lmss/m/n/10.95 1\OT1/lmss/m/n/10.95 ) = \T1/lmss/m/sl/10.95 F\OT1/lmss/m/n/10.95 (\T1/lmss/m/n/10.95 6\OT1/lmss/m/n/10.95 ) \OMS/lmsy/m/n/10.95 ^^@ \T1/lmss/m/sl/10.95 F\OT1/lmss/m/n/10.95 (\T1/lmss/m/n/10.95 1\OT1/lmss/m/n/10.95 ) = \T1/lmss/m/n/10.95 0\OML/lmm/m/it/10.95 :\T1/lmss/m/n/10.95 70 \OMS/lmsy/m/n/10.95 ^^@ \T1/lmss/m/n/10.95 0\OML/lmm/m/it/10.95 :\T1/lmss/m/n/10.95 19 \OT1/lmss/m/n/10.95 = \T1/lmss/m/n/10.95 0\OML/lmm/m/it/10.95 :\T1/lmss/m/n/10.95 51\OML/lmm/m/it/10.95 :
 []



[95

]
Overfull \hbox (1.64087pt too wide) detected at line 803
\T1/lmss/m/sl/10.95 P\OT1/lmss/m/n/10.95 (\T1/lmss/m/n/10.95 2 \OMS/lmsy/m/n/10.95 ^^T \T1/lmss/m/sl/10.95 X \OMS/lmsy/m/n/10.95 ^^T \T1/lmss/m/n/10.95 6\OT1/lmss/m/n/10.95 ) = \T1/lmss/m/sl/10.95 P\OT1/lmss/m/n/10.95 (\T1/lmss/m/sl/10.95 X \OMS/lmsy/m/n/10.95 ^^T \T1/lmss/m/n/10.95 6\OT1/lmss/m/n/10.95 ) \OMS/lmsy/m/n/10.95 ^^@ \T1/lmss/m/sl/10.95 P\OT1/lmss/m/n/10.95 (\T1/lmss/m/sl/10.95 X \OMS/lmsy/m/n/10.95 ^^T \T1/lmss/m/n/10.95 1\OT1/lmss/m/n/10.95 ) = \T1/lmss/m/sl/10.95 F\OT1/lmss/m/n/10.95 (\T1/lmss/m/n/10.95 6\OT1/lmss/m/n/10.95 ) \OMS/lmsy/m/n/10.95 ^^@ \T1/lmss/m/sl/10.95 F\OT1/lmss/m/n/10.95 (\T1/lmss/m/n/10.95 1\OT1/lmss/m/n/10.95 ) = \T1/lmss/m/n/10.95 0\OML/lmm/m/it/10.95 :\T1/lmss/m/n/10.95 70 \OMS/lmsy/m/n/10.95 ^^@ \T1/lmss/m/n/10.95 0\OML/lmm/m/it/10.95 :\T1/lmss/m/n/10.95 19 \OT1/lmss/m/n/10.95 = \T1/lmss/m/n/10.95 0\OML/lmm/m/it/10.95 :\T1/lmss/m/n/10.95 51\OML/lmm/m/it/10.95 :
 []



[96

]
Overfull \hbox (1.64087pt too wide) detected at line 803
\T1/lmss/m/sl/10.95 P\OT1/lmss/m/n/10.95 (\T1/lmss/m/n/10.95 2 \OMS/lmsy/m/n/10.95 ^^T \T1/lmss/m/sl/10.95 X \OMS/lmsy/m/n/10.95 ^^T \T1/lmss/m/n/10.95 6\OT1/lmss/m/n/10.95 ) = \T1/lmss/m/sl/10.95 P\OT1/lmss/m/n/10.95 (\T1/lmss/m/sl/10.95 X \OMS/lmsy/m/n/10.95 ^^T \T1/lmss/m/n/10.95 6\OT1/lmss/m/n/10.95 ) \OMS/lmsy/m/n/10.95 ^^@ \T1/lmss/m/sl/10.95 P\OT1/lmss/m/n/10.95 (\T1/lmss/m/sl/10.95 X \OMS/lmsy/m/n/10.95 ^^T \T1/lmss/m/n/10.95 1\OT1/lmss/m/n/10.95 ) = \T1/lmss/m/sl/10.95 F\OT1/lmss/m/n/10.95 (\T1/lmss/m/n/10.95 6\OT1/lmss/m/n/10.95 ) \OMS/lmsy/m/n/10.95 ^^@ \T1/lmss/m/sl/10.95 F\OT1/lmss/m/n/10.95 (\T1/lmss/m/n/10.95 1\OT1/lmss/m/n/10.95 ) = \T1/lmss/m/n/10.95 0\OML/lmm/m/it/10.95 :\T1/lmss/m/n/10.95 70 \OMS/lmsy/m/n/10.95 ^^@ \T1/lmss/m/n/10.95 0\OML/lmm/m/it/10.95 :\T1/lmss/m/n/10.95 19 \OT1/lmss/m/n/10.95 = \T1/lmss/m/n/10.95 0\OML/lmm/m/it/10.95 :\T1/lmss/m/n/10.95 51\OML/lmm/m/it/10.95 :
 []



[97

]

[98

]
\tf@nav=\write6
\openout6 = `main.nav'.

\tf@toc=\write7
\openout7 = `main.toc'.

\tf@snm=\write8
\openout8 = `main.snm'.

 (main.aux)
 ***********
LaTeX2e <2025-06-01> patch level 1
L3 programming layer <2020/03/25>
 ***********
Package rerunfilecheck Info: File `main.out' has not changed.
(rerunfilecheck)             Checksum: D41D8CD98F00B204E9800998ECF8427E;0.
 ) ) ) 
Here is how much of TeX's memory you used:
 59667 strings out of 468133
 1454926 string characters out of 5430719
 1948464 words of memory out of 5000000
 86738 multiletter control sequences out of 15000+600000
 763928 words of font info for 226 fonts, out of 8000000 for 9000
 1141 hyphenation exceptions out of 8191
 128i,15n,123p,1268b,1111s stack positions out of 10000i,1000n,20000p,200000b,200000s
<C:/Users/Admin/AppData/Local/Programs/MiKTeX/fonts/type1/public/fontawesome5/FontAwesome5Free-Solid.pfb><C:/Users/Admin/AppData/Local/Programs/MiKTeX/fonts/type1/public/amsfonts/cm/cmmi10.pfb><C:/Users/Admin/AppData/Local/Programs/MiKTeX/fonts/type1/public/amsfonts/cm/cmmi8.pfb><C:/Users/Admin/AppData/Local/Programs/MiKTeX/fonts/type1/public/amsfonts/cm/cmss10.pfb><C:/Users/Admin/AppData/Local/Programs/MiKTeX/fonts/type1/public/amsfonts/cm/cmss8.pfb><C:/Users/Admin/AppData/Local/Programs/MiKTeX/fonts/type1/public/amsfonts/cm/cmssbx10.pfb><C:/Users/Admin/AppData/Local/Programs/MiKTeX/fonts/type1/public/amsfonts/cm/cmssi10.pfb><C:/Users/Admin/AppData/Local/Programs/MiKTeX/fonts/type1/public/amsfonts/cm/cmssi17.pfb><C:/Users/Admin/AppData/Local/Programs/MiKTeX/fonts/type1/public/amsfonts/cm/cmsy10.pfb><C:/Users/Admin/AppData/Local/Programs/MiKTeX/fonts/type1/public/lm/lmex10.pfb><C:/Users/Admin/AppData/Local/Programs/MiKTeX/fonts/type1/public/lm/lmmi10.pfb><C:/Users/Admin/AppData/Local/Programs/MiKTeX/fonts/type1/public/lm/lmmi12.pfb><C:/Users/Admin/AppData/Local/Programs/MiKTeX/fonts/type1/public/lm/lmss10.pfb><C:/Users/Admin/AppData/Local/Programs/MiKTeX/fonts/type1/public/lm/lmss8.pfb><C:/Users/Admin/AppData/Local/Programs/MiKTeX/fonts/type1/public/lm/lmssbx10.pfb><C:/Users/Admin/AppData/Local/Programs/MiKTeX/fonts/type1/public/lm/lmsso10.pfb><C:/Users/Admin/AppData/Local/Programs/MiKTeX/fonts/type1/public/lm/lmsso8.pfb><C:/Users/Admin/AppData/Local/Programs/MiKTeX/fonts/type1/public/lm/lmsy10.pfb><C:/Users/Admin/AppData/Local/Programs/MiKTeX/fonts/type1/public/lm/lmsy8.pfb><C:/Users/Admin/AppData/Local/Programs/MiKTeX/fonts/type1/public/lm/lmtt10.pfb>
Output written on main.pdf (98 pages, 1387395 bytes).
PDF statistics:
 1170 PDF objects out of 1200 (max. 8388607)
 197 named destinations out of 1000 (max. 500000)
 82577 words of extra memory for PDF output out of 89155 (max. 10000000)

